CustomerId,Age,Balance,Probability,Predicted
15687492,32,96709.07,0.2153523425881531,0
15736963,43,0.0,0.10542341480588067,0
15721730,44,0.0,0.254539663815268,0
15762134,59,119152.1,0.3927625993128412,0
15648898,27,124995.98,0.06194630231404391,0
15659064,37,0.0,0.057946830398291425,0
15761986,32,138901.61,0.2486006200946988,0
15713354,22,101528.61,0.10353218856411833,0
15593454,40,113794.22,0.2976495803333906,0
15690134,42,85679.25,0.15614698989389258,0
15767474,57,0.0,0.23596939088640878,0
15785367,56,0.0,0.4861536365364844,0
15587507,47,0.0,0.2712519629083952,0
15569764,41,154007.21,0.37452203471487966,0
15665062,19,110928.51,0.03216287160013888,0
15759966,36,119799.27,0.2587742040646855,0
15576352,57,0.0,0.26202658787268895,0
15713604,40,166776.6,0.20389548039656993,0
15596797,43,0.0,0.10410478382624525,0
15744127,37,0.0,0.16882360959031878,0
15589420,40,101891.1,0.12367904732999505,0
15727546,35,0.0,0.04882336973616795,0
15696373,44,0.0,0.2628990449136062,0
15656319,37,88141.1,0.2177371489812539,0
15670354,62,0.0,0.2790486733772567,0
15673020,49,204510.94,0.3398072642961758,0
15771139,34,147487.23,0.2458599690398556,0
15572174,29,148874.01,0.0786961748223906,0
15674868,30,0.0,0.0407872779093674,0
15630244,40,134320.23,0.3387650790097285,0
15678910,30,141441.75,0.07171525235610698,0
15767793,38,0.0,0.14717017599823615,0
15695499,45,103821.47,0.1947685873652756,0
15786717,36,0.0,0.1922262729753477,0
15687171,34,146679.77,0.2529293936432461,0
15647385,56,99340.83,0.6086718724736849,1
15588372,37,105489.31,0.26828171822173974,0
15753754,34,0.0,0.05861027852193005,0
15669281,38,128718.78,0.3237218924557551,0
15726960,36,0.0,0.058774178300061035,0
15713845,38,148045.68,0.3043989128399187,0
15794171,45,134264.04,0.45104023191799986,0
15751912,36,0.0,0.07001386206134803,0
15729040,42,0.0,0.2536325970109239,0
15585249,42,106036.52,0.31938661140236535,0
15585768,41,70349.48,0.13991326687531466,0
15683157,26,100446.57,0.06164388437685762,0
15763704,43,69014.49,0.3447595314988549,0
15701121,38,110641.18,0.145287499870087,0
15680141,35,147936.42,0.10199575864359721,0
15710978,42,88120.97,0.1286164252851642,0
15701741,39,152462.79,0.32693128406340466,0
15728912,44,92436.86,0.3596261696456526,0
15623063,35,110067.71,0.22571041812991066,0
15800061,45,89158.94,0.3827711900683749,0
15807305,39,0.0,0.21166137347110306,0
15666141,26,101440.36,0.04051603003846031,0
15668971,40,55776.39,0.25126933076657043,0
15687130,43,0.0,0.10584097454904406,0
15658956,40,47869.69,0.10778937476445903,0
15639882,30,128262.72,0.20103208585248108,0
15750574,34,0.0,0.05114457509116017,0
15738588,37,133200.09,0.3201073640746144,0
15812878,36,99806.85,0.10496248500552394,0
15734634,27,100912.19,0.15994598518031738,0
15771674,39,162390.52,0.33905177105562295,0
15774491,28,0.0,0.1183188366003392,0
15705174,68,153545.11,0.5781439502836634,1
15729238,48,106396.48,0.22300225910147145,0
15585284,35,147285.52,0.11001087869859305,0
15569264,32,179305.09,0.10940858004198657,0
15567367,42,133636.16,0.18176559550343582,0
15706005,46,174701.05,0.4816676114574738,0
15644119,31,0.0,0.04827411447114411,0
15669656,32,111589.33,0.08039546433108555,0
15809654,46,127476.73,0.1886348801047362,0
15801488,25,0.0,0.02846213069607922,0
15662908,38,125903.22,0.10841286347021782,0
15690175,45,0.0,0.3279500175402399,0
15565779,30,57809.32,0.14537938681137497,0
15617476,30,0.0,0.052458003997217575,0
15606149,66,111577.01,0.5401033233992092,1
15801832,42,117691.0,0.15316707526015108,0
15805025,45,139859.23,0.195729584639601,0
15713819,48,92347.96,0.2151926894752312,0
15775590,48,69329.47,0.46530648805368285,0
15574072,62,0.0,0.27536174508604855,0
15720943,45,114959.12,0.39437831360926,0
15733111,32,124179.3,0.0811025273537261,0
15809509,29,125689.29,0.0696840921949315,0
15676156,32,85615.66,0.1928995365858523,0
15661409,42,0.0,0.1073573386105834,0
15639133,50,0.0,0.3238349074430607,0
15798521,33,0.0,0.12982188467009206,0
15609637,51,0.0,0.17414691375850522,0
15644174,27,135096.05,0.06607447732136261,0
15793723,32,144272.07,0.2190343612484764,0
15802758,23,104753.84,0.11227718931915869,0
15609987,42,119919.12,0.3422577316934478,0
15607986,40,139930.18,0.14661456720355265,0
15672056,43,140080.32,0.17404851535371055,0
15584113,53,124954.94,0.30460813102326184,0
15628530,42,156864.2,0.41661031720822284,0
15779267,47,0.0,0.29915655439824723,0
15611171,33,129574.98,0.09148230642174537,0
15585041,33,0.0,0.06288766017494805,0
15726494,44,175303.06,0.4509781438982983,0
15679663,36,0.0,0.1858918614567144,0
15679029,33,102874.28,0.21693043070892667,0
15595728,41,119276.31,0.4039503805509503,0
15689602,38,130015.24,0.12408006510584296,0
15616213,51,138214.5,0.5316309211276709,1
15626141,26,151510.17,0.05942769595471529,0
15596800,33,158456.76,0.10393117164178928,0
15713517,39,102025.08,0.28102498490671823,0
15806184,33,0.0,0.05101824865751202,0
15572361,34,164011.48,0.26495631890872046,0
15812351,27,135277.96,0.16424741158662093,0
15642345,49,93059.34,0.4150599836253363,0
15732430,54,120952.74,0.5196281488869684,1
15730287,41,147726.98,0.33846233852068536,0
15718852,56,96951.21,0.27145183138758705,0
15622305,33,107868.14,0.0806152285178581,0
15634295,35,96473.59,0.2783360592839662,0
15685628,35,124268.64,0.11690445608484358,0
15786739,37,125529.55,0.12297046457025373,0
15633352,31,175443.75,0.23812245590883385,0
15762821,33,0.0,0.05561486490098714,0
15814331,43,119127.46,0.3507220722396547,0
15628298,47,128486.11,0.459887743640011,0
15713673,33,137853.0,0.12596356459986846,0
15575002,29,140720.93,0.18145933048100735,0
15568506,31,67238.98,0.060913391156027855,0
15694125,57,0.0,0.22011949313302187,0
15566790,28,129991.76,0.07228333578473314,0
15656829,33,0.0,0.13289415550932904,0
15738721,41,102827.44,0.13486608183383175,0
15736717,31,155271.83,0.09204763275636445,0
15586974,39,0.0,0.06892403004252752,0
15783276,25,0.0,0.026345682131960743,0
15600781,34,185173.81,0.2808319638276038,0
15570299,31,152622.34,0.223029903812582,0
15795246,51,155903.82,0.27495029937140325,0
15659428,42,0.0,0.09455840144376516,0
15745433,30,205770.78,0.27516684416471693,0
15669262,43,157960.49,0.4057352200994507,0
15757661,39,0.0,0.21530953276064063,0
15680303,57,0.0,0.4594976089191182,0
15668445,37,0.0,0.07336880712784649,0
15702380,64,0.0,0.34755907299518446,0
15589323,24,0.0,0.029048593286908543,0
15768887,26,0.0,0.03711035461143412,0
15724251,29,101012.77,0.17189036908371075,0
15630511,33,0.0,0.12870135299713373,0
15732281,34,146422.22,0.24188201641134674,0
15650488,48,127253.98,0.24029924045496276,0
15778696,36,174180.39,0.3031776229200999,0
15706552,36,85311.7,0.11224118138927547,0
15767598,28,0.0,0.11697238089143472,0
15621520,42,139707.28,0.3456397538226592,0
15656300,29,59697.17,0.06139665642486665,0
15757588,30,0.0,0.12763312947090538,0
15642001,44,119530.52,0.37517346671777463,0
15784209,47,0.0,0.13701213505637738,0
15767794,31,120718.28,0.06713055006734979,0
15599195,32,88938.62,0.07595290866225922,0
15728480,35,0.0,0.06309010716084854,0
15631222,39,75339.64,0.12049299131265717,0
15669491,46,157866.77,0.20396126972596623,0
15671969,36,0.0,0.15442331316094704,0
15782899,28,95357.49,0.16187775249373318,0
15724648,26,98684.15,0.1433282423842344,0
15671769,71,170252.05,0.6426639232436339,1
15809847,46,0.0,0.31722777075276865,0
15803716,28,0.0,0.04214136029632552,0
15812191,33,118082.89,0.25734584337792893,0
15707144,25,82506.72,0.11892031650026298,0
15811032,58,145984.92,0.4031904473004327,0
15722212,41,0.0,0.21993630628827737,0
15700749,39,0.0,0.08110888603637868,0
15750121,38,0.0,0.18278044039409075,0
15735549,35,96814.46,0.08212367183731142,0
15621063,42,56228.25,0.2828998958640616,0
15750156,59,104568.41,0.621140057317206,1
15807269,43,166522.78,0.4588158156594447,0
15606436,38,0.0,0.22005203909970333,0
15603134,40,167878.5,0.1799764747719077,0
15629750,35,133087.76,0.24368847575266817,0
15648735,37,0.0,0.057448017848053715,0
15716164,41,144260.5,0.3914554745443443,0
15707219,28,0.0,0.03706750586370998,0
15693203,75,0.0,0.4939053644006106,0
15580252,44,112610.77,0.1782903993580068,0
15570769,69,93320.8,0.5284194538848677,1
15668775,47,130747.1,0.4340990554824203,0
15812210,32,111537.23,0.07529973192826186,0
15794870,38,73023.17,0.21873498413247253,0
15672821,28,0.0,0.03595346222400788,0
15805955,48,138333.03,0.2180514306096838,0
15655590,46,79385.21,0.42765079475508555,0
15660768,40,84315.02,0.32425227114496186,0
15616365,53,0.0,0.40335026684872377,0
15607178,38,54901.01,0.08333606529465178,0
15756751,54,78126.28,0.28602377475387397,0
15735782,31,120962.59,0.190795484664508,0
15613772,39,135096.77,0.14473019420597924,0
15688157,39,47685.47,0.09320162515373158,0
15775912,48,101238.24,0.2286278183696308,0
15773876,34,0.0,0.14528481003826554,0
15702919,30,63669.42,0.13817198843505832,0
15587177,36,124445.52,0.25476625155326393,0
15812365,40,102800.65,0.2546594551476927,0
15668889,43,116322.27,0.3419227718979665,0
15680430,49,96252.98,0.44156833508549304,0
15621440,38,0.0,0.08476891117000925,0
15590349,36,0.0,0.1610835151668103,0
15761364,30,0.0,0.10275146056350137,0
15599074,40,136093.74,0.18609590625894656,0
15614168,50,146710.76,0.48419176289714416,0
15644724,31,58662.92,0.0742916835496577,0
15789563,46,111288.18,0.1806911594263139,0
15595162,35,122570.69,0.2646519765747963,0
15800793,39,182491.57,0.40294135137801396,0
15711288,24,0.0,0.07709028078671779,0
15739123,50,127552.85,0.4636120983684331,0
15660524,54,97382.53,0.28374606374284045,0
15629002,36,102603.3,0.08920472266891594,0
15592999,40,115465.98,0.13722155713213563,0
15712303,66,159732.02,0.5487969490615205,1
15663883,32,141827.33,0.07452471375785838,0
15619529,27,132576.25,0.18251519691671983,0
15720559,61,110368.03,0.7116867627244523,1
15725036,42,118546.71,0.15947794569852136,0
15610416,36,0.0,0.14007971657074839,0
15680370,39,0.0,0.09166773796974771,0
15670822,22,114415.84,0.03874351753867015,0
15714750,42,92578.14,0.34276606879271065,0
15728474,32,108235.91,0.08455406845971347,0
15588419,34,148962.46,0.23659835224942247,0
15790750,36,123187.51,0.12172783798621357,0
15568904,34,106288.54,0.09030543496661032,0
15595937,36,138992.48,0.34842392342584705,0
15706021,34,96645.54,0.24671815965053612,0
15792565,46,0.0,0.10615922227613563,0
15771942,46,135555.66,0.4375687873145818,0
15638149,37,103772.45,0.2734712147339545,0
15719212,33,83134.3,0.20990054395073202,0
15794661,32,0.0,0.1278012678130335,0
15591433,43,85957.88,0.2967560271342566,0
15805704,32,0.0,0.05232111914552107,0
15686588,28,134571.5,0.07513704077337242,0
15809248,36,0.0,0.15908974526911537,0
15637324,28,0.0,0.038403663316482026,0
15739578,49,128663.9,0.4321866732318657,0
15766163,38,0.0,0.08206213656634787,0
15693382,31,0.0,0.04443179655464688,0
15704819,39,92126.26,0.28347308868372806,0
15636912,38,124483.53,0.2907935934365521,0
15794257,34,91562.99,0.08383082379111635,0
15600626,30,0.0,0.03700691031778288,0
15763256,64,128751.65,0.716275129092167,1
15707602,47,127286.04,0.2336706684544246,0
15798943,46,0.0,0.2700887894452905,0
15670205,41,110624.99,0.33664586901087057,0
15671209,29,101713.84,0.15972125330692843,0
15766064,33,111060.05,0.205405282611386,0
15789557,27,129810.6,0.05246350975290186,0
15784687,36,126477.42,0.3203301821795405,0
15628123,28,118890.81,0.07440463960681631,0
15600991,31,109052.59,0.06620540552382526,0
15763107,30,0.0,0.03883044017731795,0
15584288,33,0.0,0.048865528408723526,0
15749265,42,75681.52,0.15167254684282344,0
15800068,46,0.0,0.1077752521689483,0
15776807,29,0.0,0.11234118698416429,0
15765300,40,62389.03,0.2574022060729272,0
15752601,40,0.0,0.229416223888723,0
15741728,36,135216.8,0.11476677315836674,0
15736533,37,124053.03,0.2621931026462719,0
15784700,31,117799.28,0.06832107038587851,0
15646594,41,57568.94,0.10318949776670003,0
15622897,46,0.0,0.27444079757987605,0
15742116,48,116711.06,0.4547169739206745,0
15627859,29,102609.0,0.1627131437108095,0
15731951,28,95328.6,0.1378847673071203,0
15568449,38,143006.7,0.1242631451400513,0
15802060,30,100548.67,0.1792746344894975,0
15791268,38,122447.76,0.34546024966748845,0
15723299,53,113709.28,0.26921728602172845,0
15739857,40,0.0,0.0748162631344121,0
15659937,40,0.0,0.08726728569144743,0
15684722,34,122952.9,0.28166572927598393,0
15788480,33,122325.58,0.23814367665727618,0
15574167,33,101286.11,0.084628110568688,0
15712068,45,84692.5,0.17967525516603597,0
15617331,39,109698.41,0.12615431348024864,0
15654760,40,101514.89,0.12133566830751423,0
15581323,28,139246.22,0.1829479835341778,0
15808189,52,0.0,0.21452546575108197,0
15629985,47,90450.0,0.39644798433721995,0
15644453,41,132670.53,0.356396788234442,0
15579062,32,0.0,0.1265599629867098,0
15579223,30,127406.5,0.1935445770165766,0
15750874,31,78990.15,0.06486907094630123,0
15602312,33,150092.8,0.2757618091716403,0
15746662,27,116320.68,0.07317409911416616,0
15747558,38,0.0,0.163563526287836,0
15683213,35,74988.59,0.09451008926554279,0
15604304,34,91622.42,0.09040123562445014,0
15729557,36,119984.07,0.23507615332405282,0
15796115,40,78119.59,0.25585913806483074,0
15752502,41,130385.82,0.18031016514965326,0
15736578,39,0.0,0.08395444165469428,0
15734948,24,0.0,0.08664195133917645,0
15773456,36,145747.67,0.1340398194694965,0
15762793,36,136980.23,0.10536168145215405,0
15723858,39,0.0,0.09339015955233691,0
15636407,34,127758.09,0.22009737221461959,0
15575430,33,118392.75,0.09754316204031269,0
15565891,39,0.0,0.17238997772986164,0
15671534,57,90212.0,0.5583465402810082,1
15583840,35,121863.61,0.1011527374356299,0
15791958,41,0.0,0.075520076166872,0
15584785,37,97324.91,0.24844070186611666,0
15577423,39,124586.93,0.3041012200634338,0
15727361,51,0.0,0.1752482481372154,0
15731669,39,129709.62,0.33729897361020084,0
15798844,54,128914.97,0.598920699203944,1
15777616,28,113690.83,0.1477906954430034,0
15695034,44,123322.15,0.3697133117941514,0
15718106,34,0.0,0.16513131510572643,0
15762048,33,154969.79,0.08570265945185084,0
15801062,40,0.0,0.09907145345035716,0
15666043,33,156297.58,0.11233979043179973,0
15671800,20,137624.4,0.03726533836992401,0
15756926,29,96462.25,0.0631713248795011,0
15602811,38,38848.19,0.23705678537157096,0
15765093,23,166594.78,0.0535992741789546,0
15670066,34,0.0,0.05293742818349713,0
15806256,48,109349.29,0.4617364606931631,0
15673223,44,0.0,0.27291284121242904,0
15627830,30,32197.64,0.05717443901538779,0
15622230,35,0.0,0.06490676797738006,0
15658504,62,137727.34,0.48536776369470974,0
15761783,41,0.0,0.09160392262073648,0
15714080,40,97001.36,0.30991564714338593,0
15709451,35,121952.75,0.1052668090980921,0
15640133,34,0.0,0.15184188487403544,0
15738889,42,102870.93,0.15753370849513534,0
15802088,22,0.0,0.024082241872398297,0
15637857,31,0.0,0.05014981755146856,0
15637169,67,103267.8,0.4696714910936756,0
15748936,45,0.0,0.12991470007049025,0
15606841,38,0.0,0.17183480626088565,0
15769125,41,0.0,0.08565400198444548,0
15625941,50,128039.01,0.23281815885053517,0
15735346,41,136733.24,0.15382224076090048,0
15620123,39,111169.91,0.3178183655418984,0
15708357,38,0.0,0.1741114588727377,0
15585533,36,147733.64,0.13628333932247147,0
15782802,26,114450.32,0.0531732482566681,0
15617507,36,0.0,0.16316781169969083,0
15581525,33,83501.66,0.17710068414089966,0
15603565,56,90778.76,0.5611443840359345,1
15600357,40,140197.71,0.37064490222825136,0
15769548,37,128645.67,0.2668681273474933,0
15802869,45,99169.67,0.162744269327146,0
15743075,35,0.0,0.054871116984087906,0
15618239,48,0.0,0.34422389817477006,0
15752953,45,0.0,0.27757627336498825,0
15700209,63,97009.15,0.43335146255184753,0
15808023,29,133681.78,0.06074784043235638,0
15744529,63,0.0,0.32112446970611275,0
15672704,24,0.0,0.0694147850194486,0
15746139,33,139451.67,0.27521041276448743,0
15600086,48,123764.95,0.21284748163424488,0
15672912,39,130051.66,0.3133440694513626,0
15677377,37,0.0,0.07113048592801492,0
15686870,36,108239.11,0.24624670711972413,0
15636756,23,0.0,0.07900823365190311,0
15604146,38,103653.51,0.10944405740712486,0
15590097,33,136082.0,0.2346979134261055,0
15813303,88,0.0,0.7276290889656061,1
15605684,31,104158.84,0.1767546337654588,0
15699523,55,126817.65,0.6034206196259405,1
15625035,50,160139.59,0.258436929425762,0
15578671,29,209490.21,0.10255694860457146,0
15662533,23,0.0,0.07123382270569022,0
15707007,39,0.0,0.17452139533273778,0
15654156,32,106807.64,0.07284289123756393,0
15710365,50,104129.24,0.4838142358225074,0
15612594,25,0.0,0.030767229533146975,0
15603851,32,127785.17,0.21940488268712227,0
15588080,54,0.0,0.40201903347922785,0
15733169,22,125265.61,0.04409705018866438,0
15644212,28,0.0,0.10304810550254433,0
15679668,38,115378.94,0.11952741649181688,0
15655238,31,0.0,0.12215507312853804,0
15585047,28,160376.61,0.20901715083731442,0
15600882,35,0.0,0.05508507853387741,0
15574910,50,115625.07,0.5040440039289001,1
15790254,50,78737.61,0.20280719120388993,0
15645059,28,0.0,0.10192333908851992,0
15721433,38,74306.19,0.24026178556623906,0
15601172,31,91125.75,0.1715651988085366,0
15591257,24,0.0,0.06297852994659213,0
15723721,30,140916.81,0.21514665123027724,0
15609070,45,120961.5,0.1832222709897991,0
15776047,29,0.0,0.04725309824869569,0
15728669,30,112013.81,0.18020826147566196,0
15585192,39,136258.06,0.32553648455319795,0
15675854,50,159304.07,0.3472821968218097,0
15774727,34,129398.01,0.25506805677168903,0
15657778,33,84309.57,0.21954606198783158,0
15773338,58,101579.28,0.3369409491074082,0
15599124,29,0.0,0.0932155294740087,0
15673693,26,110654.02,0.0644581570393584,0
15642160,38,0.0,0.15346921051085766,0
15658972,40,122038.34,0.29722184001433966,0
15792627,33,84557.82,0.06834507001973925,0
15677317,29,153040.03,0.08364460277820351,0
15677049,25,106570.34,0.05675236691541154,0
15659568,31,121237.65,0.06774489605407308,0
15744423,32,0.0,0.12895590861346146,0
15709354,41,0.0,0.09627079105475231,0
15752809,43,116121.67,0.3402863098305489,0
15568819,42,132796.04,0.15721135230860822,0
15727688,32,0.0,0.049249436934807586,0
15680666,39,151963.26,0.3510776463950691,0
15632280,53,0.0,0.3970504289450057,0
15680243,19,143390.51,0.08818101630152722,0
15706116,30,154159.51,0.19501081179668833,0
15594720,35,102742.91,0.1004205688812016,0
15771966,39,146200.01,0.33457223841298095,0
15623525,31,125175.58,0.08761933343594232,0
15684958,38,126444.08,0.1377262004054579,0
15678173,35,174588.8,0.14774147369715615,0
15769582,29,0.0,0.04123094997505005,0
15767864,33,0.0,0.15455742183716073,0
15641934,46,66582.81,0.319147721273375,0
15663294,32,125685.79,0.08418033863857098,0
15629545,41,109508.68,0.32270485768672824,0
15789413,64,0.0,0.3163365875059389,0
15772933,31,0.0,0.04478798836288022,0
15745621,32,118879.35,0.07653370758340135,0
15613140,34,0.0,0.05583514988704897,0
15740846,40,125909.85,0.14709135595301956,0
15675256,33,127343.4,0.11120281711612595,0
15744607,43,121152.05,0.32503540202906933,0
15795129,30,0.0,0.0946421050696458,0
15795564,31,121192.22,0.07040125495847423,0
15628863,38,60013.81,0.09477124201647752,0
15705113,34,83264.28,0.2122711860111579,0
15809906,26,148853.29,0.06660052856571472,0
15618018,35,104783.81,0.11970923599000029,0
15743192,44,0.0,0.28584060279171136,0
15697997,33,164704.38,0.12924920165914133,0
15664615,30,136650.89,0.07350269074020499,0
15624188,33,0.0,0.04861432284216532,0
15614049,55,0.0,0.19499509010327953,0
15688085,28,157597.61,0.08752869671990234,0
15577598,23,115636.05,0.11413116343306927,0
15616451,47,128252.66,0.2092541440427778,0
15571940,22,118680.57,0.043798398729458156,0
15788920,32,109196.67,0.17218313654198225,0
15752312,49,150777.72,0.28156442475084564,0
15597309,36,0.0,0.16456927420018033,0
15725664,38,107283.4,0.3126897467732492,0
15627840,42,0.0,0.11186574276848675,0
15578186,37,115217.99,0.2723846215609906,0
15798310,35,165692.91,0.14373233941374947,0
15658935,34,106937.05,0.20763758947869082,0
15606397,44,152086.15,0.23922580944252703,0
15705676,35,107944.33,0.23541067723760808,0
15729956,26,80780.16,0.044656780204860164,0
15582404,26,0.0,0.08839253126094367,0
15689955,40,0.0,0.22042919476307768,0
15717770,55,0.0,0.43151061270501334,0
15700601,34,78829.53,0.084017178032375,0
15661198,34,146407.11,0.10252513296629463,0
15755242,46,0.0,0.12249249330292919,0
15701354,39,0.0,0.2177994668730145,0
15803749,41,87541.06,0.1333534509580248,0
15665053,52,111284.53,0.2947331063582335,0
15693864,49,134956.02,0.4948221511872491,0
15711571,42,120233.83,0.3620626145576253,0
15723856,29,88814.4,0.05947806741954528,0
15745307,48,129120.64,0.28193892795419256,0
15652266,42,63227.0,0.13000521178256932,0
15696703,27,160358.68,0.17778199603023362,0
15640825,46,122549.64,0.193812934805004,0
15629519,37,0.0,0.07572126148406044,0
15710111,33,0.0,0.13757855254511853,0
15638788,32,97514.07,0.07817906521334037,0
15685372,54,152677.48,0.40480478094847255,0
15623695,31,0.0,0.0400697627996391,0
15592914,29,0.0,0.034162897216010554,0
15758056,35,0.0,0.18843310946362454,0
15770225,36,0.0,0.06278840320058383,0
15721793,50,123936.54,0.2537644428265907,0
15789313,44,96553.52,0.3609541655900426,0
15697678,36,92340.69,0.09654075768499978,0
15583680,41,0.0,0.10569645659554608,0
15765487,38,151766.71,0.12572409026393574,0
15660316,34,135549.9,0.32197678445845773,0
15794396,38,174937.64,0.3506446587324256,0
15773276,63,114552.6,0.6993418624346632,1
15590213,35,125920.98,0.11142431261252841,0
15584518,50,144895.05,0.2649114889488609,0
15589380,40,114446.84,0.12816960523985726,0
15576928,23,0.0,0.07739996407602194,0
15600575,41,0.0,0.18801490236018836,0
15792868,69,0.0,0.6786125254941399,1
15776545,28,200724.96,0.0943364187632623,0
15720463,30,137262.71,0.179929047086235,0
15788930,37,132730.17,0.26642401719098874,0
15674433,28,115265.14,0.194731661744697,0
15735400,28,179960.2,0.1848326189722828,0
15812262,37,100431.84,0.23334161029013653,0
15721116,24,108058.07,0.05083218528284602,0
15700656,32,0.0,0.13157499658853303,0
15632826,38,134006.77,0.3246925418360061,0
15663478,32,93694.42,0.06748547184229227,0
15620758,30,0.0,0.11017437516379944,0
15684461,31,0.0,0.1317120826712455,0
15750458,39,0.0,0.08639135259983366,0
15603942,50,81290.02,0.2548400413405604,0
15681509,28,0.0,0.037549756869717725,0
15598493,50,0.0,0.16527226824113186,0
15600478,39,0.0,0.19049528067954663,0
15578006,85,0.0,0.6465293690609689,1
15808223,41,126773.43,0.15745825576080683,0
15656726,32,62321.62,0.05698086989224396,0
15798084,26,0.0,0.08765106319824066,0
15671630,40,99745.95,0.289360104341906,0
15657349,50,98173.02,0.449719023114788,0
15798053,32,0.0,0.1134795575950481,0
15788291,38,144606.22,0.12295736628811152,0
15805112,38,82259.29,0.2435527712722661,0
15810942,61,137655.31,0.5149259426543421,1
15778694,26,105249.76,0.051859749283686016,0
15643361,34,139959.55,0.10946543355704494,0
15777614,44,0.0,0.11525943460746867,0
15793307,41,142880.28,0.37828652117752226,0
15732061,45,121874.89,0.4068327977777784,0
15701972,35,137179.39,0.1051082728495553,0
15731117,28,109161.25,0.1841519905175289,0
15794178,34,107136.6,0.22515224573993523,0
15684469,32,117070.21,0.18863739437979335,0
15757648,35,95698.79,0.10410378661609583,0
15573242,50,136953.47,0.24342626274073784,0
15695301,44,113522.64,0.18054814691469162,0
15624388,50,155393.32,0.2753967057004732,0
15642570,35,0.0,0.13679635382047658,0
15580149,41,0.0,0.20322328774179726,0
15775750,37,134560.62,0.2591336126275042,0
15668323,41,143443.61,0.371161424281373,0
15746035,25,74237.2,0.0526719578344026,0
15758702,55,0.0,0.1831061731787276,0
15698528,31,0.0,0.047705564818579994,0
15747927,26,155739.76,0.16084753007717792,0
15577515,55,108477.27,0.3748403077520848,0
15697686,40,0.0,0.07128573698793708,0
15736371,34,123034.43,0.09371208877767451,0
15598331,40,100480.53,0.26581464892534923,0
15741385,45,108231.37,0.16580371588169818,0
15791867,44,108895.93,0.4279011229504797,0
15671351,35,0.0,0.15545892487773996,0
15648794,57,101247.06,0.5488602364944034,1
15612350,31,40915.55,0.1376833974011861,0
15652084,40,109542.29,0.15397074631412327,0
15637427,25,0.0,0.031005018429779048,0
15799635,51,108867.0,0.5537041669439977,1
15580068,35,0.0,0.06176000293306468,0
15631162,32,0.0,0.052817736992945584,0
15781619,38,0.0,0.17775554065772364,0
15574523,39,0.0,0.08146128000405353,0
15812893,39,0.0,0.06871008746261968,0
15669253,39,157691.98,0.31134031890415204,0
15620988,46,0.0,0.2931125280937826,0
15690695,33,0.0,0.044801374963693914,0
15575119,71,0.0,0.4320695223976286,0
15569682,37,108308.11,0.22651669367505872,0
15757837,33,88311.48,0.0817190324726367,0
15615029,39,0.0,0.07080737225233122,0
15658670,38,0.0,0.1677442229922874,0
15802466,53,0.0,0.18558026549019419,0
15720820,24,69881.09,0.04555935510243744,0
15568006,45,0.0,0.26401362395362094,0
15643438,20,0.0,0.046531527511695946,0
15645544,30,129753.69,0.1833734604539041,0
15655252,41,79857.64,0.10615624363404916,0
15662021,42,0.0,0.26354847203531784,0
15716431,30,191091.74,0.0824720152556682,0
15599090,40,108407.34,0.1320989148351579,0
15686060,43,111677.88,0.34055341941129735,0
15744606,29,93833.86,0.0569315073332086,0
15634602,42,0.0,0.09824956422869306,0
15805312,45,123859.6,0.2130316527940978,0
15705953,51,169312.13,0.5655786627170586,1
15576256,39,0.0,0.07844174944211661,0
15627514,46,0.0,0.13542482844476503,0
15777067,64,136770.67,0.5684429444354087,1
15742269,24,0.0,0.07467344002344371,0
15689031,37,168066.87,0.29672567040191816,0
15634632,38,0.0,0.1735622017672212,0
15697020,39,91068.56,0.2761339512759709,0
15734578,53,113537.73,0.3082473341294101,0
15792922,38,130233.14,0.11884423571062452,0
15717736,46,110031.09,0.17558746912098083,0
15610912,41,112119.48,0.30774355314918755,0
15803804,35,103214.71,0.2230456839265671,0
15718369,33,130862.43,0.07923472175875694,0
15753213,34,0.0,0.14372644474629023,0
15723006,38,0.0,0.0887851658033435,0
15569654,31,51293.47,0.14956131692412192,0
15721921,44,165326.2,0.1812410116887045,0
15618774,54,0.0,0.4469077718122936,0
15650864,42,0.0,0.23279905168278564,0
15797733,30,136622.55,0.21687653795853068,0
15667085,33,0.0,0.050419947291077016,0
15692926,25,121702.73,0.05509700032358637,0
15603096,33,125789.69,0.2757854292828969,0
15621267,32,0.0,0.14773811594682412,0
15679587,34,115897.12,0.08319270239039558,0
15776939,48,102290.56,0.4125815637915551,0
15622171,30,80964.57,0.15068645358328348,0
15767871,48,0.0,0.122482133632655,0
15769110,46,0.0,0.27167436033265563,0
15756070,44,0.0,0.12540157344976766,0
15689147,40,0.0,0.21026496317000046,0
15639322,33,137847.41,0.23088721181215635,0
15731586,31,121691.54,0.20691981892963715,0
15794566,28,0.0,0.035710460886925435,0
15722004,31,138317.94,0.2476306128071965,0
15762331,37,178755.84,0.3343511974130931,0
15730433,38,128218.47,0.3153047510367882,0
15654067,29,0.0,0.10679627575095979,0
15624519,49,97092.87,0.4174335852218017,0
15680727,49,121973.28,0.4556877080003071,0
15813163,36,99240.51,0.2409466121482822,0
15748069,25,134467.26,0.06281551815050844,0
15798737,38,0.0,0.16945185195977522,0
15610165,26,0.0,0.03140439570284883,0
15582741,35,124151.09,0.23804355037484873,0
15706637,40,0.0,0.20895787688140088,0
15692931,22,114991.45,0.04094655692423827,0
15709183,58,102346.86,0.3430736473121561,0
15798439,25,0.0,0.02971033384517463,0
15618695,22,108117.1,0.0490010105023767,0
15662736,49,147069.78,0.5248465743111602,1
15700654,44,49157.09,0.28354063863529105,0
15633640,52,161209.66,0.29235166118745914,0
15587735,39,96863.13,0.10183046350088636,0
15610454,33,119278.44,0.08112663698279103,0
15720123,37,0.0,0.18465758307618885,0
15633650,41,146720.98,0.14500657035319808,0
15717286,40,79035.95,0.2620717483014027,0
15795527,43,136487.86,0.3738549550547249,0
15586970,52,103023.26,0.23506126467823854,0
15776605,36,0.0,0.16227616985443505,0
15678412,45,85325.93,0.37467109246465,0
15649280,40,134504.78,0.326095210371431,0
15654851,44,92911.52,0.17371858146524943,0
15759250,51,99183.9,0.22692980430776574,0
15773906,38,0.0,0.2044280561329207,0
15691150,32,110559.46,0.0776521257124156,0
15618314,40,114005.78,0.12407910678657451,0
15696098,31,0.0,0.1148105930352554,0
15596992,45,156353.46,0.45415405511464246,0
15719426,67,103101.56,0.5091815137596439,1
15749807,31,0.0,0.12958421578283608,0
15687852,30,104145.65,0.20991416501780047,0
15619494,31,117153.0,0.07561616332208312,0
15589200,34,0.0,0.1354647790801086,0
15567383,44,98009.13,0.17780957218068846,0
15809006,23,113758.48,0.1297617877384091,0
15591740,54,0.0,0.19858400561243958,0
15798024,84,92242.34,0.7740002977715982,1
15610900,70,110738.89,0.7568375243150316,1
15709387,52,0.0,0.16970692934294318,0
15792365,44,142051.07,0.2297057057086549,0
15574558,32,0.0,0.04152247012501782,0
15775797,32,0.0,0.05112900237448193,0
15648225,38,103895.31,0.13884395636052446,0
15656592,48,169023.33,0.2540834310330156,0
15784594,37,130622.34,0.13081116965223452,0
15689614,63,137715.66,0.4731770298916429,0
15750049,40,163823.37,0.3824917311854716,0
15707078,26,180530.51,0.22813312008273087,0
15797197,29,0.0,0.09717820157077019,0
15634936,41,179904.0,0.17316875468042375,0
15719309,42,115961.58,0.17253658212070178,0
15751227,47,95120.59,0.4291027864335773,0
15682454,34,0.0,0.054289616404589056,0
15764351,59,120170.07,0.4111146694624575,0
15581237,33,160777.9,0.1171690610511357,0
15710853,24,0.0,0.07495180069819622,0
15599329,49,195238.29,0.3096902719935293,0
15768006,34,152303.8,0.24530000479874062,0
15608760,30,74323.2,0.05710919548944634,0
15608246,36,103914.17,0.08996896211842786,0
15629133,27,0.0,0.08909033628647775,0
15704466,34,0.0,0.13650074632836176,0
15613017,32,149814.54,0.24198325227571366,0
15804357,40,0.0,0.09053987290121714,0
15628292,32,156001.68,0.08520034986785034,0
15737961,29,107712.57,0.0725805752413808,0
15636935,29,0.0,0.03677814985420274,0
15605276,29,0.0,0.037163445656123145,0
15634606,52,0.0,0.18390930844191516,0
15686164,31,108822.4,0.06841597483640871,0
15627365,46,0.0,0.12251588666989302,0
15788448,31,145260.23,0.1127606822632707,0
15748649,40,93183.19,0.2743220007769741,0
15613673,28,0.0,0.09167359940820781,0
15583850,68,126061.51,0.5632594666553835,1
15666430,38,0.0,0.20185173004535517,0
15806822,36,0.0,0.1839393668221528,0
15653050,76,95052.29,0.8277280823918799,1
15586236,31,132084.66,0.07332991267179342,0
15644934,26,105522.06,0.13800053320660918,0
15814519,37,0.0,0.16798373904255992,0
15633922,30,123217.66,0.07940705840186367,0
15807245,41,200117.76,0.41767825968308075,0
15772030,33,0.0,0.0583938294464532,0
15741633,32,147511.26,0.09250962899541247,0
15569098,44,153548.12,0.44845785696772217,0
15813113,56,0.0,0.41309664262135504,0
15797113,34,0.0,0.1513815885240088,0
15666295,50,113957.01,0.4995110359698411,0
15721569,55,119327.93,0.3404719019236823,0
15804394,32,130627.66,0.19968639689113243,0
15595640,37,0.0,0.18131013280532218,0
15676958,34,86055.17,0.07289201458396947,0
15619889,26,0.0,0.09501661573123825,0
15742854,46,0.0,0.26748912432580274,0
15715465,28,77776.39,0.13037623191726322,0
15665327,18,176139.5,0.10916213970148606,0
15754569,57,0.0,0.23136412502687437,0
15761241,36,129745.1,0.11234077531520238,0
15583725,48,138778.15,0.2771807544287501,0
15771573,39,137843.8,0.13242360153208949,0
15683521,28,142574.71,0.1918376517839922,0
15772243,33,0.0,0.15096963033537864,0
15805260,56,143249.67,0.6149743528667712,1
15598894,38,122267.85,0.2864261205900211,0
15702300,27,0.0,0.10266423279828005,0
15741049,29,0.0,0.03785132823432247,0
15618203,51,116197.65,0.2244612850195255,0
15610433,35,0.0,0.1426100201494603,0
15694409,22,97975.82,0.04364876494273112,0
15797627,54,134249.7,0.3471169566742046,0
15584897,31,98360.03,0.20243890022381092,0
15750335,43,108508.82,0.3300863233315499,0
15668235,41,123475.04,0.1578692805598764,0
15631333,25,130866.19,0.13017523184787116,0
15799494,44,140393.65,0.19783632783312213,0
15721292,39,0.0,0.18323405629947745,0
15803801,34,0.0,0.16341965706908698,0
15670615,37,0.0,0.16080366350465602,0
15651983,56,128882.49,0.3443508548297478,0
15720354,71,0.0,0.46707773430004135,0
15807433,43,0.0,0.1076156920142759,0
15602084,42,124626.07,0.15428351637670126,0
15780677,59,0.0,0.2506878294314166,0
15696231,29,105405.97,0.06257128105993336,0
15715907,64,113109.52,0.6832557341471378,1
15628767,63,139529.93,0.4891150054870556,0
15722122,40,0.0,0.09983450423506078,0
15605804,45,0.0,0.22951328323001982,0
15641411,23,112568.31,0.04277921172437311,0
15574115,41,101179.23,0.126021667945953,0
15696900,29,145541.56,0.08150267293411814,0
15743478,39,52106.33,0.08947002385829525,0
15725945,42,0.0,0.26874279812808877,0
15640846,58,106458.31,0.6164530916360036,1
15685300,35,128993.76,0.24973688755273546,0
15737408,41,109941.51,0.30703842406662196,0
15567860,44,189318.16,0.4503760021520701,0
15637178,45,0.0,0.09812151971872828,0
15702149,33,144753.21,0.09643087926398287,0
15779423,39,70657.61,0.10195211429409645,0
15730272,58,152199.33,0.40364166783851424,0
15691170,29,99250.08,0.05957106751547469,0
15652320,40,0.0,0.23350835348348967,0
15677288,50,121159.65,0.5297002733612807,1
15579526,42,50194.59,0.12527718788920633,0
15701333,37,96558.66,0.27683595311238357,0
15730353,29,145294.08,0.18952630248743937,0
15673238,59,154110.99,0.6803364367133381,1
15579189,42,0.0,0.10287346664806751,0
15752588,36,0.0,0.06371023856772648,0
15656912,51,0.0,0.16730163593943967,0
15722010,53,170491.84,0.578200837763706,1
15594878,41,28082.95,0.23455158375733862,0
15788215,30,122924.75,0.21984912973141343,0
15572294,28,0.0,0.11234287465307638,0
15572265,46,170826.55,0.4753696963882452,0
15697441,29,182123.79,0.23345801807132913,0
15575399,42,152160.21,0.4163776905644149,0
15718780,32,79450.09,0.06949972060020713,0
15683276,37,140363.95,0.11651562496042216,0
15707968,36,73211.12,0.21349604799031277,0
15645937,32,0.0,0.11793360252816233,0
15648455,51,131156.76,0.5096847313359238,1
15717185,28,0.0,0.031941404324671505,0
15579583,40,101090.27,0.12588345317262412,0
15698953,36,0.0,0.0629739039277494,0
15725737,46,0.0,0.13253269556088706,0
15714227,53,0.0,0.1781736065032563,0
15572093,24,140453.91,0.13810947497603004,0
15569222,32,147107.91,0.08165082287196399,0
15711521,39,121778.71,0.13727864462595885,0
15743760,31,131996.66,0.07038534945850475,0
15591509,36,101583.11,0.22467482308644895,0
15725882,40,133245.52,0.14887827638470713,0
15777784,44,168165.84,0.23089333965914371,0
15728683,27,0.0,0.039390081170061354,0
15662955,27,141223.68,0.1512867910922235,0
15653253,48,167997.6,0.24983749330158117,0
15767891,28,99152.73,0.1433114205942158,0
15586848,38,0.0,0.18162794699330753,0
15578435,40,110340.68,0.1287925043540927,0
15741988,52,125396.24,0.5301472468369344,1
15658946,40,45408.85,0.22551266274492157,0
15600174,35,165358.77,0.14521550058068927,0
15726634,47,0.0,0.333574447077019,0
15640161,44,157955.83,0.46344640083260047,0
15569266,28,155060.41,0.1772148172579517,0
15656417,39,132077.48,0.3354034650374024,0
15600992,36,0.0,0.06554600763761474,0
15606887,30,0.0,0.10576241094682301,0
15642709,30,0.0,0.12998862001242342,0
15798666,36,0.0,0.05385094091004219,0
15599403,60,125389.7,0.39878444506038396,0
15701605,37,166115.42,0.29947251466981695,0
15695174,29,132954.64,0.07292321092529612,0
15754747,33,141918.09,0.10353605722754289,0
15684248,21,0.0,0.025012657117015304,0
15780716,39,129626.19,0.13116854059297073,0
15612729,63,0.0,0.2941597570484583,0
15603743,28,112070.44,0.0811365783658882,0
15570326,34,0.0,0.053366287698171914,0
15765173,60,0.0,0.6143316668291255,1
15760177,37,100252.18,0.10504821975428968,0
15806837,37,0.0,0.17225284787167175,0
15642785,34,117593.48,0.2747500789780402,0
15595350,31,136067.82,0.2022986197371703,0
15576000,40,138033.55,0.1335983886026464,0
15813916,31,89688.94,0.07323276303443395,0
15737542,36,103294.56,0.23438591383139526,0
15623927,55,0.0,0.1994111108145642,0
15648577,31,0.0,0.05204248060033775,0
15579891,52,100755.66,0.2538561354680182,0
15654060,41,0.0,0.11011688679688374,0
15634141,42,192390.52,0.38987159325492815,0
15684995,49,116622.73,0.24002017338303316,0
15670914,38,0.0,0.17788337231933893,0
15689061,68,82547.11,0.4988265480631893,0
15692977,36,130700.92,0.30478593197271014,0
15741295,49,0.0,0.14526708050750092,0
15795936,50,0.0,0.3562917543131716,0
15814236,38,96939.06,0.12311656679418885,0
15777045,44,81811.71,0.3261642515378958,0
15753343,28,121164.11,0.07015919771525436,0
15676117,44,0.0,0.2502321401439328,0
15713644,22,0.0,0.06400194166122264,0
15778155,31,108914.17,0.08370214347351744,0
15657565,44,125512.98,0.4135042631320161,0
15775131,32,142188.2,0.10177579101320432,0
15573112,29,103907.28,0.1681553274878448,0
15801466,39,122524.61,0.3141926081605051,0
15665177,44,0.0,0.12646159166367352,0
15628715,36,0.0,0.055431193919204674,0
15593345,33,125241.17,0.09641054055367074,0
15604782,33,187257.94,0.12830149407427502,0
15635598,29,0.0,0.10726806132114157,0
15659949,31,96399.31,0.16149831572468668,0
15574783,37,0.0,0.0739711476284175,0
15650432,41,84622.13,0.10686586672824976,0
15636423,40,0.0,0.07679583708958523,0
15665956,46,0.0,0.311351711857995,0
15607098,41,94521.17,0.2899188545405152,0
15805764,18,0.0,0.018795232512437577,0
15675650,39,97819.36,0.14304659759029167,0
15699507,25,0.0,0.034719120749591346,0
15611325,24,57929.81,0.0998707445192119,0
15777076,36,0.0,0.1487079202155546,0
15659399,50,139675.07,0.5089676417166028,1
15725776,24,101195.23,0.13217278825413056,0
15623062,24,85089.3,0.03992162668150629,0
15813283,34,0.0,0.16994384924764203,0
15581539,37,0.0,0.21229601483502378,0
15715208,33,138335.96,0.07930480489517845,0
15763460,33,183768.47,0.25795510088643675,0
15767391,32,90322.99,0.08748655207687579,0
15797219,40,123497.58,0.3040613208423469,0
15793726,79,0.0,0.6418873092470665,1
15798424,59,130854.59,0.370439597471055,0
15606310,71,149105.08,0.6400972697224864,1
15630419,44,149961.11,0.39462847905753756,0
15616550,44,116363.37,0.35045274237094115,0
15583718,38,142316.14,0.12261120106509836,0
15727857,41,0.0,0.227815745963978,0
15665766,39,133191.19,0.13808558763245726,0
15762351,63,0.0,0.32357710800888173,0
15687079,69,115462.44,0.7620720910199573,1
15794549,35,163943.89,0.11346955255448304,0
15610383,46,46870.43,0.3239113194396392,0
15618647,29,43504.42,0.047376971207377584,0
15722053,33,0.0,0.06459795437027979,0
15749540,36,0.0,0.1587646648039754,0
15740223,51,107714.74,0.5157645207555921,1
15769216,43,0.0,0.25054119690589965,0
15726250,38,166328.65,0.17764431734599212,0
15657566,24,103097.85,0.04364000781169057,0
15650538,48,168286.58,0.5229085469993116,1
15761132,46,128029.72,0.19022575013372592,0
15767729,25,182876.88,0.06523555904195627,0
15795990,48,138311.76,0.20543913282362422,0
15670823,42,116646.76,0.3483771507068431,0
15745107,38,112281.7,0.12360700046394672,0
15804150,34,0.0,0.05220358168374405,0
15636590,46,0.0,0.12760316616323164,0
15790324,20,167685.56,0.11596427822133484,0
15783305,46,98752.51,0.39222793322013944,0
15749130,27,74298.43,0.05035115986949522,0
15631739,24,122109.78,0.04368079847433662,0
15768451,40,149131.03,0.13792837380157422,0
15759480,40,139180.97,0.13466225606268384,0
15700627,46,143500.82,0.45812353570016767,0
15581115,39,76769.68,0.2771171973142547,0
15644572,40,125832.2,0.1541225183554355,0
15718281,67,123276.69,0.5229459327859924,1
15711687,41,108128.52,0.1786294534026773,0
15581286,40,176914.8,0.15081935913546177,0
15770525,28,141038.57,0.18873409212345826,0
15720134,30,115479.48,0.06311089554802114,0
15754113,35,0.0,0.06491051784659582,0
15674929,31,0.0,0.13815170350315703,0
15659105,47,61196.54,0.3396226272859767,0
15713912,45,109044.3,0.20924802598057796,0
15786905,40,141782.57,0.33899876214992397,0
15605665,69,78833.15,0.4983733266687516,0
15595609,52,135870.01,0.5455083143624428,1
15718443,39,0.0,0.20056387328913314,0
15791851,34,185734.75,0.1259933111612896,0
15729718,41,0.0,0.23353331743507655,0
15632118,45,164450.94,0.44121838723582235,0
15682839,57,137936.94,0.3666576854640285,0
15677512,22,0.0,0.06800079868382392,0
15601688,28,0.0,0.10164565430945445,0
15617166,37,0.0,0.18617119683874225,0
15646276,32,146033.62,0.21726895858659345,0
15610753,28,104367.5,0.061089221104082755,0
15801548,31,144162.3,0.07786987640490949,0
15738497,44,107726.93,0.35289512611210977,0
15583456,45,117231.63,0.1564990955481359,0
15566594,23,0.0,0.07221166360991615,0
15682356,37,111852.84,0.24266831968611666,0
15584320,39,111695.62,0.32709487233065526,0
15804516,38,0.0,0.19260029788479388,0
15661945,40,0.0,0.19625872948243533,0
15780805,35,0.0,0.15962720297624144,0
15716236,35,0.0,0.1470017875149064,0
15749638,51,104760.82,0.24237321269780981,0
15649160,38,138731.95,0.1458048874749867,0
15740442,51,186825.57,0.5748584784178519,1
15687765,42,80380.24,0.3231542331701641,0
15664860,47,0.0,0.29501650738949153,0
15762588,31,0.0,0.04255067188344038,0
15713854,37,0.0,0.17877676835429035,0
15665438,43,163159.85,0.22267747630205,0
15667456,62,0.0,0.29019857587050246,0
15800116,28,145605.44,0.07926449188375272,0
15679249,57,163146.46,0.7072008548771066,1
15703778,33,129907.63,0.09404154642245405,0
15716619,36,74974.89,0.09045118678972681,0
15714586,42,99836.47,0.16264530183948595,0
15652289,47,0.0,0.2953923675165268,0
15657321,27,113174.21,0.1361357407237412,0
15588580,36,109646.83,0.10564115305418836,0
15790594,27,0.0,0.04012364129372701,0
15753955,34,149940.04,0.281172290141918,0
15800845,33,111379.55,0.07477863895525723,0
15621093,31,97338.19,0.19264747972594803,0
15712849,41,126550.7,0.38860551965077783,0
15765952,29,145471.37,0.18425450863138912,0
15742091,35,118336.95,0.21039851500250287,0
15605622,28,0.0,0.03246031848681387,0
15690164,33,83199.05,0.22209642495795007,0
15750476,24,0.0,0.06385155321317905,0
15696637,23,151097.28,0.05689432211479358,0
15809347,32,160680.41,0.20847580584716452,0
15743871,59,0.0,0.5060838142895362,1
15606861,34,0.0,0.13204487555451186,0
15673539,26,118097.87,0.14007084490243915,0
15645956,44,88915.85,0.3775482175866024,0
15786215,56,119496.25,0.5386712712207751,1
15640464,41,91612.91,0.1288035768703783,0
15722611,53,114233.18,0.25307780710360356,0
15799156,38,0.0,0.20219271826095753,0
15674922,54,171137.62,0.34721270316288116,0
15660475,54,0.0,0.23694421763090612,0
15603883,36,0.0,0.053443674487393254,0
15711635,42,138650.49,0.3303819749972644,0
15617486,52,106723.28,0.5774715803023076,1
15701962,29,166930.76,0.21763416266216415,0
15768682,39,0.0,0.07875643815206738,0
15593601,34,133598.4,0.08945152945572284,0
15705765,46,0.0,0.2986253893566277,0
15745232,39,0.0,0.06932792830686929,0
15769169,41,0.0,0.0953871033670696,0
15761168,38,171913.87,0.3613898407259518,0
15687626,39,0.0,0.20780045068249783,0
15743411,61,0.0,0.5475805587761655,1
15785815,31,142631.54,0.08866711085472825,0
15782641,29,119670.18,0.17417866329384354,0
15750929,39,0.0,0.17554865411354875,0
15594039,42,0.0,0.22707249368889626,0
15734659,46,107978.4,0.3977833585028418,0
15586880,41,122545.65,0.15096436416388134,0
15603156,33,0.0,0.1446093261661716,0
15569452,58,116353.2,0.4074261552963713,0
15774328,40,144757.97,0.16309630020344826,0
15610972,44,91115.76,0.36763014465030486,0
15625247,34,0.0,0.1571808698044767,0
15652808,41,126670.37,0.31591399132119197,0
15682084,31,0.0,0.10487287555963774,0
15669326,44,168396.34,0.2102726263264976,0
15688619,45,105266.32,0.17289196120859607,0
15754301,39,0.0,0.1800685916376553,0
15730796,21,98993.02,0.03567770864284157,0
15802118,41,123428.69,0.14484800595045375,0
15629187,38,85982.07,0.2495893190940933,0
15728456,33,0.0,0.13807167041353247,0
15727490,47,0.0,0.14555765013734026,0
15725818,40,107041.3,0.13155486564681995,0
15647572,34,54980.81,0.083167007136659,0
15722902,50,125437.64,0.23373125411747112,0
15814267,22,154377.3,0.05038985267535252,0
15598614,20,0.0,0.05022266690135705,0
15695474,33,122531.86,0.2144189971398257,0
15781034,67,0.0,0.3830990074783257,0
15575858,40,0.0,0.19349288785282182,0
15685653,40,162261.01,0.37257752725139726,0
15744979,36,0.0,0.07006436334054829,0
15777922,36,161757.87,0.1343006809426124,0
15733581,32,80262.66,0.1539332266216661,0
15670866,31,0.0,0.04412235156801715,0
15783752,29,129514.99,0.0663476237717136,0
15578799,58,53772.73,0.28835749266518723,0
15742638,25,0.0,0.031161358817348925,0
15654673,49,173434.9,0.5343797706736114,1
15580148,40,168286.81,0.3304893095886113,0
15662203,42,137560.38,0.17208693805671424,0
15635964,65,120100.41,0.7452762731230882,1
15699238,40,0.0,0.19389303958014734,0
15610711,40,128644.46,0.3482809582183948,0
15754713,31,135213.71,0.07516930431304207,0
15767757,29,120307.58,0.0646741767576116,0
15673367,33,132603.36,0.2277989030722459,0
15656009,36,0.0,0.1489876467282936,0
15603925,26,174318.13,0.07252054110448618,0
15671345,42,75302.85,0.33723813267103603,0
15782735,35,0.0,0.17846205766555118,0
15571571,31,127331.46,0.0783975923488394,0
15780779,40,0.0,0.2097655040978518,0
15769781,25,0.0,0.02602319547554109,0
15767821,31,102016.72,0.21039622253435306,0
15652218,33,152302.72,0.23662594163549674,0
15810910,38,0.0,0.06489656686346468,0
15679983,34,0.0,0.16528480017520003,0
15685290,46,142360.62,0.4352951030022717,0
15640635,29,0.0,0.03431367665412946,0
15799653,32,94753.55,0.07024229163652633,0
15717937,43,99906.89,0.38333329217718687,0
15711733,48,0.0,0.14749778090353266,0
15573888,43,107963.38,0.40690218605816136,0
15756871,39,0.0,0.21382354925947844,0
15768124,34,0.0,0.1436493487175265,0
15655774,27,0.0,0.0889220563376617,0
15683657,31,79340.95,0.17871643168239873,0
15704315,34,163757.06,0.11439428581847001,0
15616431,33,0.0,0.062365134582247315,0
15675328,37,0.0,0.18369969693530722,0
15705899,35,127510.99,0.11549022748511717,0
15791102,41,95020.8,0.12748398712968734,0
15770101,43,112088.04,0.13987247596764785,0
15743149,35,0.0,0.05284889228349747,0
15643630,55,63127.41,0.46845504389160153,0
15630913,69,105303.73,0.6250585082600344,1
15615330,23,0.0,0.023744640023701018,0
15638247,44,0.0,0.2339458305611859,0
15672115,60,0.0,0.25646026908531205,0
15665759,69,117866.92,0.5372230802532728,1
15748673,37,0.0,0.16510028105888158,0
15815131,36,115617.24,0.10198773119987672,0
15609562,43,116360.07,0.3425515376337028,0
15791191,59,103996.74,0.3755913496123637,0
15694450,42,99580.13,0.31071110832413545,0
15812470,61,0.0,0.29679670778763695,0
15641007,38,72594.0,0.10064770451511482,0
15713769,38,0.0,0.06868218350650494,0
15577064,36,104702.65,0.2523980099236099,0
15728078,26,126392.18,0.06132562040723192,0
15716024,42,0.0,0.2224999930111196,0
15735572,59,113657.83,0.3634692527381221,0
15589017,55,111362.76,0.561378690748339,1
15574206,37,0.0,0.05948148503327947,0
15801316,61,66250.71,0.35553089838485546,0
15640580,47,0.0,0.28994480750303364,0
15644686,34,53299.96,0.05944808688917141,0
15721719,42,77002.2,0.11515445527964605,0
15730688,28,116755.5,0.0630502121617742,0
15772503,33,0.0,0.12640946330824454,0
15733973,42,0.0,0.1911303087163197,0
15796370,40,155455.43,0.1855298046149449,0
15576126,41,125785.23,0.15253439088511078,0
15721019,24,110495.27,0.124125601649407,0
15656707,21,123200.78,0.04055807688481227,0
15800746,45,144889.18,0.19505403094793788,0
15776348,20,124365.42,0.10712264781080764,0
15646351,27,0.0,0.09374682916653684,0
15694098,54,68332.96,0.2519288756435061,0
15796218,29,131968.57,0.06691264584086117,0
15803457,32,0.0,0.11541800391655899,0
15683375,32,0.0,0.051983423090555966,0
15622289,36,0.0,0.06718515904108535,0
15744327,40,0.0,0.21396689035963212,0
15584545,40,0.0,0.10180923174375266,0
15717231,37,98459.6,0.2717512205557651,0
15580213,43,0.0,0.251176303101246,0
15714006,35,133111.73,0.13848292718917013,0
15582492,29,112367.34,0.18903485159569028,0
15787830,33,153663.27,0.26520191933128295,0
15815628,37,113899.92,0.27495777762534357,0
15623630,56,116251.24,0.3677148578573321,0
15785342,25,0.0,0.03057770178189262,0
15617029,30,0.0,0.11438108130431024,0
15703106,40,0.0,0.08391849894423352,0
15805162,25,0.0,0.03404590489585538,0
15698167,24,148298.59,0.17206742658923396,0
15653715,63,0.0,0.30572382317048025,0
15696852,32,192122.84,0.09462173137153329,0
15665077,43,0.0,0.09766279445029141,0
15750549,30,84440.1,0.061761107943238004,0
15583026,38,135919.33,0.32961292998212455,0
15654859,63,131629.17,0.7245633280904625,1
15735428,37,0.0,0.19894149129161975,0
15772941,30,110153.27,0.08012138604167633,0
15592387,30,0.0,0.11453522115113855,0
15674950,39,142406.43,0.33814660907440147,0
15635125,63,120787.18,0.465461143411814,0
15684548,38,0.0,0.1986228402647073,0
15664498,26,205962.0,0.2160494900205144,0
15810390,41,0.0,0.09688988966631547,0
15624595,35,124580.69,0.10703206507336546,0
15648933,44,111100.98,0.15074670421138944,0
15699461,35,176273.95,0.1482506468607797,0
15800229,40,139022.24,0.1651464230289306,0
15636105,61,0.0,0.2690128782145267,0
15631721,38,163965.69,0.1506129838804071,0
15625824,30,121345.88,0.17202199206068688,0
15592025,53,0.0,0.17649509495943314,0
15628203,38,104339.56,0.30978664682088725,0
15711378,38,0.0,0.1816419272204676,0
15604832,29,0.0,0.03837017167970355,0
15637650,50,94748.76,0.24187486686292547,0
15617790,29,105767.28,0.1824031092808828,0
15690526,31,137260.45,0.20180693651246867,0
15592451,32,0.0,0.11864014541889363,0
15743818,58,122330.7,0.37030572558834474,0
15758013,37,98400.61,0.26217113539110776,0
15666173,32,96408.98,0.07190203385077142,0
15730137,31,88421.81,0.2066245315367266,0
15651958,27,0.0,0.029972203805398227,0
15790455,50,0.0,0.1996362822463492,0
15610903,31,125341.69,0.20496059072451833,0
15639277,41,0.0,0.22244340456357845,0
15612071,32,95153.77,0.07302158721922147,0
15637947,32,134446.04,0.10555003235997593,0
15697028,34,65812.35,0.09452097708279139,0
15729954,28,0.0,0.09946454006496061,0
15715769,26,75237.54,0.054119733766444245,0
15568982,24,0.0,0.024574459966049577,0
15753332,48,128140.17,0.4940248144013086,0
15628904,35,102918.38,0.08214387531724202,0
15618446,50,0.0,0.14844195566059068,0
15658067,48,120568.41,0.4648578919955555,0
15811985,44,0.0,0.29000944308719534,0
15571529,48,138232.24,0.4554550957452448,0
15778463,37,95845.6,0.2434281874629925,0
15646190,56,119963.45,0.6445495901961044,1
15679299,27,123826.07,0.06355208787218293,0
15629575,36,148061.89,0.28664007318744483,0
15762332,31,61592.14,0.06325331917763347,0
15803886,31,132876.55,0.08170336781127695,0
15766663,22,0.0,0.06376902502154869,0
15725039,32,71667.74,0.06146829992184873,0
15763625,41,0.0,0.1882946807053703,0
15659486,34,74309.81,0.18370853560681333,0
15606158,39,0.0,0.17704426041479468,0
15573278,39,0.0,0.17271871852917997,0
15788224,45,123949.75,0.44992504639879527,0
15572777,47,86006.21,0.16016149718779615,0
15680346,40,0.0,0.19027934660600457,0
15614187,39,126935.98,0.15013848295459292,0
15759317,27,90971.85,0.050763963992892264,0
15731865,27,0.0,0.09475916063526675,0
15569432,48,0.0,0.12459260960490573,0
15659567,39,117103.26,0.12985637107647108,0
15682585,35,114193.24,0.2296483489226894,0
15797010,31,0.0,0.11667604015679947,0
15770174,29,141389.06,0.16992963603133643,0
15576304,29,95167.55,0.059073845078287925,0
15752388,35,0.0,0.055090069579960294,0
15644200,42,0.0,0.21291626376211806,0
15729083,36,154525.7,0.14105712911680449,0
15732202,34,83503.11,0.08294238899971433,0
15810227,34,0.0,0.06431181040738408,0
15641675,49,88915.37,0.4786051800894509,0
15727829,42,0.0,0.10174893739191739,0
15723373,34,117451.47,0.21624285672165283,0
15604119,35,110349.82,0.2328362691624054,0
15777217,25,0.0,0.027594443411010416,0
15732943,36,77967.5,0.23394801451560596,0
15663625,37,0.0,0.20380316440614657,0
15730345,35,104508.1,0.10028037158045106,0
15724150,48,136596.85,0.20796198506189342,0
15580579,40,0.0,0.09313418203377917,0
15603111,71,69608.14,0.7246882875278932,1
15640953,26,107508.93,0.054512927639927364,0
15644280,45,138825.19,0.4595868408207202,0
15812007,25,0.0,0.02760907885761156,0
15693199,37,0.0,0.15720610217712086,0
15809872,32,84906.45,0.18810607851004396,0
15566030,41,80542.81,0.34359567029945465,0
15625706,45,116546.59,0.4191007835728729,0
15795149,28,81173.83,0.06166398527952664,0
15600724,29,129750.68,0.18686628126352164,0
15609521,34,142929.16,0.0931552226289483,0
15773934,33,88294.6,0.18432611496420304,0
15807889,74,108891.7,0.8267352069189036,1
15756820,26,106198.5,0.056453365255206736,0
15772559,47,148636.21,0.2218922229882171,0
15795895,36,117864.85,0.2500633465583424,0
15809515,32,151922.94,0.21644546981726723,0
15640260,32,131081.66,0.08232678123701237,0
15602010,45,103909.86,0.33952560206510957,0
15738448,25,174330.35,0.21684031248787175,0
15723786,37,0.0,0.14897127769136864,0
15767626,42,0.0,0.07355365782929969,0
15804104,28,114731.76,0.07203067413262353,0
15780144,32,123403.85,0.22485933056937574,0
15813159,52,93590.47,0.2793981905064832,0
15699415,46,150213.71,0.44974263400342523,0
15579548,36,0.0,0.14978614680038055,0
15675842,26,139584.57,0.15281015782744628,0
15595391,31,0.0,0.12588878374729962,0
15588248,28,0.0,0.037442288099788425,0
15586674,58,216109.88,0.5111068959958994,1
15621834,43,0.0,0.2399231346463165,0
15610140,34,0.0,0.1397203370043803,0
15654211,27,0.0,0.0426540321266728,0
15687959,44,0.0,0.11154643418497433,0
15628272,36,114997.42,0.2212682355397789,0
15805681,41,0.0,0.07889554233797358,0
15798605,26,57422.62,0.042113226322774894,0
15676404,50,0.0,0.34443092165398514,0
15786308,33,0.0,0.13960871739208364,0
15629094,36,156948.41,0.14281176834797502,0
15617401,22,0.0,0.0732383837062706,0
15658258,43,128760.32,0.3532369314107301,0
15689176,46,0.0,0.14083397722471394,0
15747854,35,0.0,0.054322015886882076,0
15737571,28,84121.04,0.06502939302076405,0
15581440,48,110463.25,0.1946337461039126,0
15643121,35,82453.96,0.21495186544463873,0
15605968,26,97460.1,0.048568218083113436,0
15814275,33,174912.72,0.10464021469369959,0
15752912,30,0.0,0.10359611155542825,0
15763683,32,139626.01,0.08918085185953517,0
15568104,26,0.0,0.03229326889252581,0
15693347,32,0.0,0.04517910472333504,0
15607381,31,148913.72,0.18995142427098036,0
15696287,38,116520.28,0.12027311966278756,0
15746594,33,0.0,0.12288103409039787,0
15629475,41,0.0,0.22148829385115887,0
15752300,47,148826.32,0.23639807253962905,0
15751084,29,140170.61,0.06588017038915037,0
15585280,36,0.0,0.07318384827484811,0
15613282,29,130306.49,0.16011233112695225,0
15677610,41,153895.65,0.16967460934755432,0
15759066,44,136836.49,0.4323033098788257,0
15743051,30,144684.03,0.07049857545583911,0
15623369,52,105355.81,0.46020607006941605,0
15812647,34,133936.04,0.22192718693306995,0
15801256,49,0.0,0.14458564860631745,0
15661548,29,157829.12,0.23700878930204114,0
15651103,69,183744.98,0.6065085764487638,1
15762573,34,0.0,0.1330436547324126,0
15737354,48,0.0,0.1350339588837744,0
15621195,41,147974.16,0.37080045348802726,0
15587535,46,177619.71,0.5088751887884521,1
15668504,36,89800.14,0.08983542465272594,0
15747358,59,170331.37,0.4406087669386351,0
15792729,34,176311.36,0.2962938536963066,0
15597033,37,153366.13,0.11737373977126193,0
15780846,33,126588.81,0.0972389868897359,0
15799042,38,0.0,0.0698645512818766,0
15714062,40,77641.99,0.29160800697621136,0
15776233,61,125397.21,0.6567300742562753,1
15688713,44,0.0,0.1057302271695068,0
15763381,30,90963.49,0.08404823806505672,0
15740043,32,83161.65,0.07162904040331093,0
15792102,42,137781.65,0.3972238965388039,0
15674928,37,0.0,0.1554366780918308,0
15766896,37,0.0,0.15716949085647172,0
15685829,37,0.0,0.07003425508149419,0
15583073,56,0.0,0.2058103298824414,0
15622750,21,114292.48,0.09904466676601784,0
15664752,39,136000.45,0.2990857757163416,0
15665695,49,0.0,0.14389396259956644,0
15616280,46,65733.41,0.3776408236450994,0
15666332,48,0.0,0.1302496773431683,0
15603554,45,164649.52,0.4714824991644755,0
15647474,40,95624.36,0.11497333556370665,0
15639665,61,0.0,0.2671141107907121,0
15799600,48,111599.32,0.25474517961208215,0
15680449,44,138843.7,0.43975815238920435,0
15717290,41,112871.19,0.15873683235037198,0
15649423,35,0.0,0.06418201009389625,0
15598883,37,0.0,0.07127270456667409,0
15775562,33,0.0,0.14110004049304536,0
15773776,38,0.0,0.07213091043406782,0
15784161,39,102945.01,0.30965824842440137,0
15624703,35,129847.75,0.2537589699212288,0
15766183,76,130334.84,0.6958791377391784,1
15780088,34,132439.99,0.2384001354015389,0
15624850,30,153972.89,0.1685913482409957,0
15806134,34,162691.16,0.24218251413139846,0
15639357,46,134950.19,0.48927348656429914,0
15654489,38,134887.53,0.10576888132390062,0
15644856,38,115463.16,0.3045253091860455,0
15754072,36,0.0,0.14066465227796335,0
15650288,35,116269.01,0.23873212957500675,0
15573348,35,102050.47,0.07374831849351883,0
15747288,40,61671.19,0.10970825848011398,0
15570141,34,132352.69,0.23332117968854918,0
15774401,51,0.0,0.3763116728634995,0
15629448,38,120599.21,0.2970952290371974,0
15567339,73,0.0,0.45487399701286935,0
15658052,44,81553.93,0.313881849223235,0
15609187,27,155879.09,0.21635282919570445,0
15634628,33,65667.79,0.21749205211852832,0
15668104,37,118433.94,0.14393785753611896,0
15578977,34,0.0,0.12346003711361161,0
15791216,43,133379.41,0.37914784598096996,0
15669175,24,107637.97,0.05816224922363751,0
15672875,32,40172.91,0.05777845360158443,0
15741181,41,135071.12,0.14390389408113338,0
15686538,41,0.0,0.10626533167931738,0
15702801,29,86616.35,0.17234951301371051,0
15573152,41,0.0,0.23060852613462224,0
15610419,33,117413.95,0.09112878395709895,0
15680804,29,0.0,0.03147641244140678,0
15799811,40,0.0,0.184446806580514,0
15585215,31,0.0,0.12368967988919166,0
15691011,42,161651.37,0.1770743985184063,0
15625494,32,125321.84,0.08203838680151097,0
15692819,32,132178.67,0.24460474270690047,0
15742668,37,108269.37,0.249984806950967,0
15605698,58,0.0,0.22614688246130024,0
15769917,34,127122.79,0.10977731723322444,0
15707132,33,0.0,0.06473128372486328,0
15618816,40,147171.2,0.1770657935607002,0
15723886,20,119714.25,0.040180036662744716,0
15806808,57,112281.6,0.545780833372481,1
15575428,35,117438.92,0.09521031573554675,0
15702293,35,0.0,0.05771131400638475,0
15775203,45,129209.48,0.41745516592113346,0
15756875,34,147422.44,0.10777330308953231,0
15646563,35,0.0,0.05741605282065683,0
15636395,31,0.0,0.12104571419821612,0
15763613,30,0.0,0.12337287142867741,0
15661473,51,126725.25,0.49769176764096373,0
15678385,25,78247.31,0.047041283671903945,0
15807837,30,107499.7,0.0692354031264039,0
15762228,35,110046.93,0.23767742254825236,0
15771000,38,0.0,0.171119089577039,0
15789158,49,113599.74,0.45405461687006166,0
15688498,21,87096.82,0.09784531689706193,0
15692750,45,129818.39,0.3810512728350627,0
15701238,47,0.0,0.3025606955162862,0
15726557,42,165679.92,0.4218252166835368,0
15807003,32,191775.65,0.24230628169259535,0
15735687,37,157084.99,0.32520632805694877,0
15615828,34,122359.5,0.2654379429293824,0
15605339,37,0.0,0.05828157045726433,0
15699839,36,152606.82,0.12625455273956818,0
15654654,33,115182.84,0.07956697481956672,0
15680855,33,145731.83,0.11860419503471724,0
15631070,55,154393.43,0.33891420963851676,0
15701376,37,152958.29,0.1199025843781131,0
15585427,26,102073.67,0.15358231240359502,0
15574305,36,116275.12,0.10361230506712973,0
15635078,45,124693.48,0.22432984420640925,0
15620756,49,202904.64,0.2848543681364822,0
15745716,53,0.0,0.19444705694832143,0
15591942,33,0.0,0.04773098275046841,0
15697042,35,127290.61,0.22204074081751707,0
15589224,41,0.0,0.10301299789419383,0
15679048,41,124227.14,0.16199538494094487,0
15607112,32,0.0,0.05358413577751205,0
15591698,49,132934.89,0.4363815354610323,0
15587611,59,0.0,0.5364413560710242,1
15811314,36,140355.56,0.2674719055247274,0
15722533,40,0.0,0.09299295024235466,0
15683677,39,0.0,0.06519185124364563,0
15798885,56,138227.19,0.35492233230161396,0
15621611,55,155196.17,0.37757630868668224,0
15717893,36,143421.74,0.27254974724841685,0
15667451,36,0.0,0.057821460481119004,0
15705991,38,113599.42,0.3154991183358293,0
15804610,41,0.0,0.10920297648530432,0
15711843,40,147856.82,0.3887555296073026,0
15599152,31,156111.24,0.2576841238103368,0
15757607,45,0.0,0.2933023934769354,0
15653404,24,79263.9,0.04416094350725169,0
15638329,25,111432.13,0.05803567553828239,0
15603749,53,45472.28,0.23209745596733805,0
15648725,41,0.0,0.0868757372714998,0
15706764,35,0.0,0.15896592800007778,0
15668594,25,137712.01,0.05927719893966255,0
15725429,33,96759.42,0.07874678325810178,0
15615797,59,108585.35,0.3605856083771133,0
15612769,28,61581.97,0.04609065915729261,0
15731760,25,0.0,0.033440690576067675,0
15605791,29,144287.6,0.18459278742903945,0
15689096,47,117879.32,0.21804813997159847,0
15640059,40,0.0,0.08076210682041593,0
15722548,48,148116.48,0.5589544976110866,1
15629677,39,0.0,0.2189816849752729,0
15809057,27,0.0,0.034449325343059105,0
15773447,30,0.0,0.11197461088825797,0
15668009,37,0.0,0.07741146774353473,0
15737998,46,0.0,0.3250036520150236,0
15622985,39,0.0,0.22167744013924945,0
15588944,63,165350.61,0.8056333563527406,1
15756150,39,0.0,0.2435852190270219,0
15595136,37,0.0,0.06828541135230427,0
15732307,33,124067.32,0.08673897786550704,0
15800062,49,0.0,0.31480563763882374,0
15667932,43,0.0,0.08280310364247581,0
15795429,24,133628.09,0.05366702436964849,0
15771509,42,98548.62,0.17725944535705265,0
15576602,38,0.0,0.06409002444249086,0
15748920,49,0.0,0.13872472918683323,0
15790379,28,108601.0,0.058085487239064496,0
15798659,43,0.0,0.25169100124887267,0
15726058,27,117578.35,0.05955188326152272,0
15616028,30,0.0,0.045385819928356726,0
15658532,63,162278.32,0.5160254821829019,1
15729065,28,109960.06,0.05742451153910679,0
15681671,28,101100.22,0.050214625624388234,0
15778135,43,0.0,0.2535727384835505,0
15746564,42,108010.78,0.16075754745814597,0
15688951,43,119654.44,0.16514075138989937,0
15586133,44,122314.5,0.4230482287174778,0
15736069,35,132253.22,0.2350249326873265,0
15806964,45,80793.58,0.15859614626750984,0
15664610,48,133994.52,0.2508669385296888,0
15590177,44,133866.22,0.21333394985035128,0
15626882,37,94901.09,0.09855041804275048,0
15685640,41,130931.83,0.15762797135442988,0
15768151,45,109032.23,0.22508994761419646,0
15618661,30,103804.97,0.07121290370052907,0
15692235,38,0.0,0.17290128090643098,0
15720509,34,150856.79,0.10940201943083598,0
15693322,37,146748.07,0.13485844695674887,0
15705403,46,106521.49,0.2183796742553682,0
15603203,27,0.0,0.08488537315755312,0
15762882,31,61211.18,0.06339927895016739,0
15711457,28,124540.28,0.06966016886268138,0
15701768,32,0.0,0.04996649907105299,0
15747677,69,163975.09,0.5969673369332654,1
15581551,41,132838.07,0.1335565788411364,0
15631392,43,84673.17,0.14965959914869403,0
15711309,33,129834.67,0.24505257960628793,0
15576196,48,118207.69,0.470115483444881,0
15761043,38,86569.76,0.24550225941682877,0
15596761,60,113715.36,0.6476883329186719,1
15736146,28,96679.71,0.05755277666173176,0
15720893,34,0.0,0.1490382015300331,0
15760851,31,0.0,0.11502247666776615,0
15772618,25,90920.75,0.05037076340148,0
15751455,48,0.0,0.3432429856273626,0
15654296,19,0.0,0.048806161037651105,0
15667093,37,0.0,0.06620873996377398,0
15674678,43,79120.27,0.3167877121106727,0
15789560,42,187534.79,0.1876833238577301,0
15683892,26,102395.79,0.13487996690186527,0
15615020,41,150463.11,0.17907432721968292,0
15784918,35,121968.11,0.13316213397111074,0
15627385,34,84009.47,0.07551314436788752,0
15733964,53,109330.06,0.2913822091915235,0
15567923,30,0.0,0.12009046224062991,0
15645029,33,0.0,0.11775757696202024,0
15616330,31,0.0,0.12471659869170902,0
15680197,41,0.0,0.07779735771903823,0
15625445,36,68348.18,0.09471890889350378,0
15581479,30,83181.29,0.07055791322796111,0
15573769,24,0.0,0.06828656933541943,0
15719827,36,0.0,0.1738457623457529,0
15671358,44,0.0,0.2468746315231546,0
15732740,32,178095.55,0.2528652946702489,0
15569120,30,0.0,0.04107529730568831,0
15739271,33,122394.0,0.09310299665555263,0
15812888,41,0.0,0.0982465591651234,0
15790299,37,0.0,0.060363671189845106,0
15588695,32,0.0,0.040560302115202444,0
15737832,45,139825.56,0.4610963081648299,0
15620505,24,97378.54,0.04746751402180099,0
15646490,42,190569.23,0.25839828293559636,0
15695383,44,0.0,0.2467849662446143,0
15669946,46,141726.88,0.2150352525739391,0
15781710,31,0.0,0.12154396928192131,0
15683007,25,113113.12,0.12479119627440033,0
15583548,47,118560.0,0.4418694355736907,0
15793247,34,0.0,0.05850089629876858,0
15789498,30,111099.79,0.21346756878543205,0
15752731,30,0.0,0.10647148897926449,0
15592078,27,123599.49,0.14545785609647094,0
15791111,47,125724.95,0.4390628258478055,0
15668058,35,124098.54,0.2335912542083271,0
15772412,30,135370.12,0.08257561837295348,0
15746190,28,0.0,0.0438461330534904,0
15599533,43,0.0,0.09799645499305017,0
15623944,66,0.0,0.6369880557183933,1
15759021,35,0.0,0.14349914086962023,0
15750014,37,113865.23,0.1085117064033001,0
15612444,29,0.0,0.1128581680866622,0
15638871,77,80926.02,0.636674433873613,1
15635177,66,0.0,0.37468697456315186,0
15709474,57,113386.36,0.32439710938069605,0
15669011,44,23503.31,0.12941969906808004,0
15601008,33,0.0,0.11632291764884302,0
15795124,50,94504.35,0.22340802763015938,0
15784958,55,0.0,0.1648793917639544,0
15808849,40,145536.9,0.16565160287634637,0
15607040,38,88736.44,0.25595247279442573,0
15588461,35,0.0,0.1451207709427238,0
15744240,46,74458.25,0.18778601011865784,0
15684296,34,141173.03,0.11312737520590865,0
15700813,25,94049.92,0.12748599988262796,0
15592816,48,108076.33,0.4527222956436601,0
15752885,42,157498.9,0.19978465447844246,0
15579647,42,0.0,0.09918012392184299,0
15660688,35,0.0,0.16007939137405444,0
15698791,45,146758.24,0.4219476141430587,0
15566563,30,137851.31,0.17786434287162248,0
15569878,37,96651.03,0.10490324800471723,0
15801863,32,136555.01,0.09810481087648763,0
15808017,38,88293.13,0.112576044517071,0
15716381,50,109062.28,0.22931433795676248,0
15773277,35,106836.67,0.22092592795454036,0
15614778,31,0.0,0.11581986691156078,0
15735849,26,165947.99,0.0835543520026934,0
15672091,32,104336.43,0.2033991768584589,0
15774098,38,125385.49,0.13569794225145976,0
15793311,46,119492.88,0.2005664551278382,0
15713346,24,146126.75,0.04531097286423747,0
15604963,39,0.0,0.21776971509596862,0
15728005,57,111359.55,0.5665068248516338,1
15641877,47,97023.21,0.17077285699948178,0
15797149,36,143680.47,0.12094986725813847,0
15643048,66,0.0,0.4089750439962934,0
15815690,40,113348.5,0.13769601858774289,0
15658969,51,0.0,0.3258896938442437,0
15711396,40,0.0,0.08711264816101726,0
15579166,30,70729.17,0.05802867762382978,0
15730735,38,72286.84,0.08477045626524993,0
15752375,33,149564.61,0.26683910927107835,0
15665524,41,103154.66,0.3563103466711969,0
15791053,45,122917.71,0.1761974619011762,0
15661162,49,0.0,0.3568396358177593,0
15793046,35,90413.12,0.08753515178794731,0
15689886,39,132287.92,0.12058273599575722,0
15777033,29,0.0,0.039957421443028426,0
15766575,62,140745.33,0.7108653659214941,1
15707634,32,108698.96,0.07476404930808317,0
15783349,39,111233.09,0.14483905682699577,0
15691624,33,132150.26,0.20437557022908226,0
15614827,42,104430.08,0.15361461704149926,0
15810864,82,0.0,0.6811186262809884,1
15682576,67,149436.73,0.5861580980390941,1
15731330,40,100471.34,0.12287844791571975,0
15621435,39,160903.2,0.39342473388498234,0
15694821,43,148962.76,0.20291275756285954,0
15703292,26,86270.93,0.04595689757644689,0
15801630,40,0.0,0.21148573929806846,0
15670039,25,108738.71,0.14044130014251205,0
15724858,54,0.0,0.3965510214806051,0
15699195,24,110949.41,0.04650665889126135,0
15665402,73,137761.55,0.6420271827417241,1
15766427,52,97720.35,0.5061117425953084,1
15665376,35,166518.63,0.2896954406611144,0
15613734,33,84719.13,0.07266323690223907,0
15787884,30,0.0,0.03704482596884541,0
15806901,39,112687.69,0.1354526450797057,0
15688691,51,110610.41,0.25360161818310484,0
15778884,38,154763.21,0.13210306290159723,0
15665385,44,76495.04,0.32223192007200824,0
15596914,31,112373.49,0.077189409209251,0
15592761,40,0.0,0.22298411545488067,0
15609758,45,158621.04,0.452166084218164,0
15769703,45,111257.59,0.42752456808399314,0
15751131,41,150302.84,0.14574488939163324,0
15768945,27,62092.9,0.04838279346453901,0
15743193,37,117271.8,0.25881357614234923,0
15698031,39,101851.8,0.2724239663754889,0
15659031,36,126598.99,0.10478605990395795,0
15700383,35,115651.6,0.08644719680227593,0
15577657,41,0.0,0.07915773977370831,0
15769051,25,0.0,0.038006336569606704,0
15747534,46,0.0,0.2709874084583024,0
15680611,67,0.0,0.34893690366847835,0
15780124,74,108131.53,0.6175633494546963,1
15592707,64,175754.87,0.556185977801567,1
15737748,33,151233.62,0.30359993469613683,0
15808334,37,93124.04,0.0993263621436245,0
15604044,38,134811.3,0.27239041972659433,0
15629617,23,126873.52,0.058209276513531694,0
15787155,30,0.0,0.05176235794972644,0
15797329,43,137638.69,0.3898112810539528,0
15672185,47,0.0,0.3116538667288989,0
15644356,47,134032.01,0.42455793954268967,0
15686137,32,147506.25,0.09958778890663487,0
15693381,38,135289.33,0.16557110576846906,0
15718921,32,106957.28,0.07700307467817058,0
15670889,34,125566.9,0.1114621147501038,0
15600734,51,174397.21,0.3150163612701191,0
15765694,59,0.0,0.31256813453844934,0
15619407,39,133707.09,0.14040738656724105,0
15807221,21,0.0,0.07851191927095594,0
15590201,50,0.0,0.15643482123990735,0
15623521,43,123105.88,0.319040066667117,0
15761076,41,58820.32,0.12440757264321957,0
15812750,24,147360.0,0.05387202587023081,0
15715643,44,0.0,0.10073105002066264,0
15576935,43,161807.18,0.21152959925534268,0
15735636,53,121389.78,0.298315907953161,0
15729958,37,0.0,0.06547608371580077,0
15808557,42,0.0,0.10294782064311352,0
15755825,39,0.0,0.17492480863835294,0
15811200,34,0.0,0.15261403411499866,0
15781678,31,55732.92,0.06386463313490232,0
15726032,33,89968.69,0.1852076018618625,0
15683483,38,127117.8,0.11577292557037015,0
15660878,92,126076.24,0.8669093406026765,1
15787710,39,0.0,0.1977834564063143,0
15623595,28,0.0,0.03832604720157393,0
15616811,47,160729.1,0.30652540717243265,0
15765345,35,0.0,0.05406179072429209,0
15736124,25,102585.88,0.05023222008163161,0
15654506,32,0.0,0.12795332172630894,0
15633897,39,50880.98,0.09666591326969447,0
15618950,26,96659.64,0.04685130756655915,0
15696812,42,0.0,0.09366579541682271,0
15690452,52,63349.75,0.472365591621147,0
15626507,27,152283.39,0.19647010988344843,0
15658148,38,0.0,0.17682832521871583,0
15813451,18,134796.87,0.03126568761499599,0
15730360,30,0.0,0.044696582673229915,0
15814690,64,105736.32,0.469737138996718,0
15772383,36,131307.11,0.28832225208076956,0
15784923,37,109974.22,0.10483023176128158,0
15802483,34,146178.13,0.09796940056272828,0
15702789,32,175214.71,0.11274775330731825,0
15722061,41,142015.76,0.341648416260904,0
15754578,35,135984.15,0.2779510888612255,0
15804771,51,40685.92,0.19380919495311708,0
15663808,59,152614.51,0.4066604598967648,0
15648800,21,132312.06,0.10060379082163035,0
15598840,33,123082.08,0.2273368059759382,0
15643523,30,0.0,0.0946356990671443,0
15574331,62,118233.81,0.4795362088652819,0
15583480,36,0.0,0.06598672866006695,0
15680683,29,197200.04,0.23033849441880502,0
15711015,36,0.0,0.0600747221979484,0
15787322,41,0.0,0.07613618448592342,0
15601351,43,127806.91,0.15094285628133536,0
15601977,44,121250.04,0.22239416472010665,0
15634792,40,0.0,0.09245582658863057,0
15750545,44,0.0,0.2747185879992142,0
15786196,44,105770.7,0.3681493105779068,0
15599552,54,0.0,0.19555822530901162,0
15750765,71,0.0,0.4740358941172297,0
15620030,29,0.0,0.11855819124921614,0
15746338,40,0.0,0.08829425622868088,0
15694321,28,0.0,0.09811426647547809,0
15793803,34,112572.39,0.27778224454287753,0
15605666,34,110717.38,0.08147681379012285,0
15810075,39,130694.89,0.1318157702360343,0
15690231,62,167026.61,0.5168084512523841,1
15721007,33,115130.34,0.21835619022084918,0
15593499,47,0.0,0.2816528188651491,0
15780386,40,105683.63,0.3027314134711731,0
15578866,43,0.0,0.0994890499155054,0
15760988,33,124573.33,0.223759829644797,0
15697497,45,105525.65,0.17295147535863126,0
15811877,36,0.0,0.15620672240350708,0
15651140,32,0.0,0.12396586816539519,0
15714057,40,0.0,0.21026175826752114,0
15753362,60,0.0,0.256161514420028,0
15573452,42,115930.87,0.32316610116879424,0
15782608,43,0.0,0.2542252201490672,0
15659501,38,142263.45,0.13756067707690744,0
15688128,34,108653.93,0.10670928011305379,0
15743007,45,45144.43,0.31214286513054856,0
15679062,47,91522.04,0.16411171427206106,0
15592197,30,0.0,0.12218283652613822,0
15810891,34,117731.79,0.10610828532348766,0
15624592,31,0.0,0.043919771764024784,0
15579208,48,0.0,0.14324891846522142,0
15664204,29,0.0,0.036861002857171844,0
15771383,45,53667.44,0.32129607497180884,0
15567114,35,118894.22,0.3061441084185139,0
15799358,46,62212.29,0.19292066941736236,0
15734524,51,0.0,0.3712241615567064,0
15574068,56,104217.3,0.613262683398469,1
15593782,38,130878.75,0.2583284458923607,0
15611848,32,137714.25,0.09461857965687039,0
15684925,43,0.0,0.23807288242188937,0
15684419,37,0.0,0.15070686496369567,0
15643215,38,71667.97,0.28176415285033785,0
15727299,62,64119.38,0.4130679780482008,0
15724851,31,111589.67,0.19490477987867483,0
15731463,43,105301.5,0.12943111519781403,0
15643378,42,112419.92,0.14764400998284682,0
15593496,36,91132.18,0.27169016938962975,0
15644833,54,0.0,0.4205466536169109,0
15757577,61,0.0,0.26794199062411755,0
15595831,64,145215.43,0.5121046214530711,1
15594812,37,137794.18,0.12883023954319062,0
15725068,21,0.0,0.019162078955034214,0
15710404,35,124525.52,0.10263689855121877,0
15632264,34,0.0,0.1409009425722794,0
15715888,38,142289.28,0.16400367022705456,0
15668943,37,0.0,0.16637126302506755,0
15794014,34,0.0,0.11640421408182258,0
15794278,67,151858.98,0.5238098006196559,1
15614936,49,82321.88,0.20044503380801884,0
15787204,43,110646.54,0.3818885742839108,0
15668444,44,139432.37,0.41223781620979194,0
15584536,46,97042.6,0.17723656955984024,0
15633461,38,130170.82,0.12831151088263706,0
15779886,24,0.0,0.08473033313005623,0
15598485,40,28649.64,0.09280706432678112,0
15718667,35,87619.29,0.2050100098220726,0
15595557,22,0.0,0.05592958379393651,0
15729599,33,76548.6,0.07343188531708447,0
15694381,51,100654.8,0.4744383731374611,0
15739357,30,145127.85,0.21618005653747321,0
15620570,43,202443.47,0.44161713861456137,0
15682355,42,75075.31,0.2798866355766944,0
15751297,36,0.0,0.15290504884729364,0
15754084,35,106518.52,0.09611244923598655,0
15577771,40,111524.49,0.15645956208546843,0
15672016,35,0.0,0.060609030622416786,0
15724200,38,115341.55,0.15222610796467367,0
15813532,39,0.0,0.18628932264322837,0
15612893,45,0.0,0.28474309044038204,0
15744279,58,0.0,0.22386073391265077,0
15612418,38,0.0,0.1777073692656108,0
15661036,46,0.0,0.26758469250124234,0
15794142,62,114931.35,0.46069659724020023,0
15711468,32,0.0,0.04784147188253709,0
15756481,39,118336.14,0.31054952456907353,0
15670481,27,122550.05,0.0630924976964343,0
15806403,37,0.0,0.15427697953425631,0
15601594,51,144237.91,0.5040691322340177,1
15808326,34,0.0,0.050569766758140296,0
15715597,36,97234.58,0.2476118446333802,0
15663312,35,112727.06,0.2445544944514697,0
15687094,28,82498.14,0.139042621574778,0
15736274,31,0.0,0.11674354063295264,0
15612667,42,0.0,0.239189088782745,0
15755731,53,117005.55,0.31047245918978983,0
15711759,29,108541.04,0.06725238351159885,0
15653572,43,127132.96,0.17695169980946487,0
15605037,49,0.0,0.1603082463346319,0
15742886,26,138023.79,0.0722871079495474,0
15714256,30,109805.3,0.07810673909537065,0
15580988,29,0.0,0.032077132878240266,0
15727311,22,100885.93,0.04214967665359536,0
15803941,46,95502.21,0.4032058572855149,0
15682467,36,118851.05,0.1061669311778516,0
15725302,20,0.0,0.05652196964411731,0
15699450,48,0.0,0.1256932992142479,0
15789753,40,148790.61,0.18930091747935168,0
15605293,43,0.0,0.11161876265335906,0
15782144,34,0.0,0.057369357886960445,0
15689952,41,0.0,0.0962796985712782,0
15763108,53,106261.63,0.5184089983219626,1
15787848,30,113672.18,0.19370625538364172,0
15730639,23,139224.92,0.11633683761104886,0
15593954,47,109387.33,0.47638415177083687,0
15761720,41,153238.88,0.38878423503628595,0
15685346,26,135889.13,0.0577442366278156,0
15750649,44,0.0,0.10302079235877533,0
15784445,33,99106.73,0.23516879788922054,0
15582892,46,99786.07,0.1878122549824565,0
15678727,45,110765.68,0.3600324781619278,0
15566660,41,0.0,0.1911443193062006,0
15734044,31,41299.03,0.059828256630845116,0
15604551,35,0.0,0.14419570850047253,0
15644994,54,137986.58,0.33834477152484527,0
15624775,67,94203.8,0.5279389101756072,1
15586504,40,0.0,0.1811829187231028,0
15706810,32,106301.85,0.09331589442781535,0
15576774,38,0.0,0.1852335094498563,0
15600720,41,115144.68,0.319619105377304,0
15647838,51,116574.84,0.4970237126921161,0
15741643,35,122917.69,0.08944953184342669,0
15739160,41,115465.28,0.28106891214088303,0
15615296,39,0.0,0.2100457489995245,0
15758513,43,0.0,0.23647300150025954,0
15579969,32,0.0,0.041620104920926354,0
15694288,28,0.0,0.11227079163129806,0
15569248,43,0.0,0.23700115007159323,0
15758939,35,127801.88,0.12258296543554774,0
15758477,32,0.0,0.13750284418293693,0
15645271,24,108528.07,0.13665876236825428,0
15781127,33,96769.04,0.07299843083941633,0
15777826,30,94443.77,0.06556231024767568,0
15615832,35,155621.08,0.12325461905321818,0
15674110,43,160416.56,0.2154862771499611,0
15766272,61,125193.96,0.4618961813010895,0
15757895,30,106629.49,0.07954353017207845,0
15776467,35,14262.8,0.1440641580710386,0
15750055,32,100262.88,0.0775230336163027,0
15640407,45,135827.33,0.1872797873984508,0
15677783,38,113607.47,0.2625980119772265,0
15622217,38,88758.95,0.28017032452137025,0
15795511,39,95252.72,0.24884282416605152,0
15807481,46,0.0,0.13426599411305248,0
15606755,46,0.0,0.28319533788334844,0
15774936,41,143350.41,0.1722173981994632,0
15625881,37,111432.77,0.11301192811442518,0
15770405,27,125167.74,0.163558193524056,0
15699284,49,172713.44,0.5278867744522115,1
15613197,40,0.0,0.19585854160779692,0
15771211,38,86977.96,0.1087872768635847,0
15811290,44,129974.79,0.1810936413996993,0
15725002,37,0.0,0.14951515892176837,0
15714493,33,0.0,0.055152155263339074,0
15739223,24,0.0,0.026846234600106357,0
15654577,54,92877.33,0.5275977021614031,1
15778975,70,96947.58,0.7511308711424786,1
15764618,39,0.0,0.06696665758157541,0
15801920,39,80615.46,0.2817359228369354,0
15645847,35,109196.66,0.24184075382310202,0
15624424,49,0.0,0.14623126417307206,0
15794101,48,0.0,0.16891641767480994,0
15774277,43,0.0,0.09216892887572434,0
15566958,39,167557.12,0.14718643692083164,0
15813444,34,0.0,0.14573700932625017,0
15749123,45,157332.26,0.41613424102294483,0
15744873,48,143595.87,0.5129590615862243,1
15689425,35,100988.39,0.2032207951462147,0
15658364,40,134590.21,0.13617498382608106,0
15626485,26,78892.23,0.04348759419650299,0
15656471,33,0.0,0.041617609636665186,0
15745355,41,153198.23,0.17239086606630383,0
15697879,30,156660.72,0.20105569934804446,0
15760849,39,0.0,0.08441656472067213,0
15767064,36,44054.84,0.08121026562122284,0
15701352,28,96381.68,0.1547718133906327,0
15669899,45,135643.0,0.4298123962087774,0
15806486,48,0.0,0.3539969812346162,0
15678882,37,129965.18,0.32700294712908473,0
15691061,37,0.0,0.057360996610777024,0
15744942,55,155828.22,0.4051590315445639,0
15585907,30,0.0,0.1263250300896862,0
15793049,48,115115.38,0.427091769130016,0
15790809,40,74896.92,0.26409927362880414,0
15772216,67,130652.52,0.5659129218189435,1
15733234,58,0.0,0.22666245281352582,0
15745001,36,0.0,0.15045886504381698,0
15579109,35,163856.76,0.12170767276450846,0
15814035,29,0.0,0.03734784760862957,0
15707042,24,87413.19,0.11395756007045534,0
15591036,43,127940.47,0.4289517180983324,0
15619935,59,126224.87,0.3428729293139817,0
15601873,36,0.0,0.1510737163150471,0
15790683,36,104077.19,0.10310532863217038,0
15642991,29,0.0,0.08476308112962418,0
15741094,21,0.0,0.02152186178744227,0
15606076,63,123204.88,0.43399215238590044,0
15791045,38,132951.92,0.15826417600388915,0
15584505,23,113923.81,0.1403610564237374,0
15710206,39,150500.64,0.33321986223188577,0
15662403,32,169089.38,0.24120759015979706,0
15767414,40,99886.42,0.1315470195642113,0
15574554,66,103291.25,0.4878449610402865,0
15647099,37,156091.97,0.2905874787374319,0
15589488,56,111642.08,0.31489026855096136,0
15764284,27,0.0,0.032093680194206865,0
15703482,34,134260.36,0.22109482683306647,0
15765014,48,179380.74,0.3247288928512217,0
15738088,63,0.0,0.5397573271345055,1
15689412,32,127849.38,0.20456337503445876,0
15786249,30,0.0,0.11915589165971963,0
15706534,47,122949.14,0.5063622784398236,1
15669290,38,59360.77,0.09434434295545542,0
15737814,41,127087.06,0.3498171763164004,0
15813363,25,0.0,0.10703872202218692,0
15653347,47,0.0,0.36053594062238853,0
15605835,37,69143.91,0.09294141842756908,0
15677217,30,0.0,0.04361026327765093,0
15634949,74,161434.36,0.6868281900222925,1
15738907,60,96956.1,0.5947579602253327,1
15618926,43,0.0,0.09955178282088264,0
15784180,36,206329.65,0.15300493554145253,0
15762745,32,0.0,0.12201388269075704,0
15687527,35,0.0,0.16029682256158775,0
15641733,34,164757.56,0.26594105018606434,0
15654274,37,0.0,0.17788588752472903,0
15626742,36,97530.25,0.09650275452911936,0
15660403,35,0.0,0.06540144069781491,0
15775124,37,0.0,0.05580406457306733,0
15639278,36,145387.32,0.1218012234516,0
15647301,45,143734.01,0.21391664704709024,0
15642885,30,0.0,0.09855841889513621,0
15656426,42,0.0,0.2481412828302753,0
15582841,29,0.0,0.04256972863911175,0
15753079,41,0.0,0.24286321847196674,0
15679429,32,91956.49,0.07401945678453282,0
15597885,43,0.0,0.0868608188451811,0
15783859,24,161884.99,0.054460634438301465,0
15709511,43,0.0,0.23058589801894452,0
15754940,43,85162.26,0.16856892892224473,0
15746422,38,0.0,0.1878269232014719,0
15710087,54,125889.3,0.5455155731452013,1
15794413,32,0.0,0.06520937450490327,0
15674750,37,0.0,0.17377911742511637,0
15670103,38,126645.13,0.13302618944979172,0
15568487,35,124616.23,0.09363958579542435,0
15636999,38,0.0,0.09108125707868962,0
15711314,45,0.0,0.32359290181359784,0
15660980,38,115702.67,0.11461433037535854,0
15737792,31,186796.37,0.27371401692112324,0
15757425,38,0.0,0.07051941605972446,0
15725094,37,140211.88,0.1262197920316629,0
15570145,23,0.0,0.06782640874555963,0
15750755,33,0.0,0.16562343370235788,0
15597930,52,59669.43,0.4808413763338176,0
15689692,19,150348.37,0.04271630269852235,0
15698816,33,72535.45,0.06843835885274077,0
15718572,57,138456.03,0.35608076618709716,0
15598259,41,98612.1,0.293217425497246,0
15640106,40,124339.9,0.35960512686830104,0
15637366,25,114268.85,0.05404377746241322,0
15730540,45,88656.37,0.32145990612230957,0
15638355,35,126397.66,0.28089916018657224,0
15768600,50,130023.38,0.44754023367805557,0
15637993,36,137688.71,0.10210071350555831,0
15807167,42,146766.72,0.2072082940881382,0
15778157,27,90721.52,0.13099022507758393,0
15726354,32,123157.95,0.20398868901980882,0
15750141,36,65253.07,0.19596887910623545,0
15672132,42,121453.63,0.362954946687475,0
15741195,19,0.0,0.020352890709116365,0
15804075,36,91286.51,0.2341483638875839,0
15645717,62,0.0,0.28547646162465296,0
15711287,35,128415.45,0.2498357039042138,0
15811613,27,0.0,0.08830093212943806,0
15788218,24,0.0,0.02606988603537624,0
15689980,36,118520.26,0.2794040457947574,0
15663921,60,0.0,0.294650391509736,0
15630698,55,110123.59,0.3083768759796277,0
15683544,62,0.0,0.30565270947229395,0
15755416,27,87739.08,0.0556856362352512,0
15802362,45,0.0,0.14210970380002477,0
15574142,28,171932.26,0.08803968769089271,0
15760427,40,124788.18,0.28180764927612756,0
15592300,35,59408.63,0.1895555106536894,0
15677871,38,122570.87,0.10989877514929358,0
15570086,18,90544.0,0.028601203196038167,0
15728542,71,0.0,0.4125656017366642,0
15580956,43,115888.04,0.16043228367541684,0
15811415,44,134066.1,0.17893870923769187,0
15598982,53,98268.84,0.29928506221968915,0
15572631,25,0.0,0.03283151246527636,0
15746674,47,0.0,0.27261031630641686,0
15689081,29,0.0,0.10156591569295056,0
15651627,39,115341.19,0.13425388872562177,0
